P1(dBm),Fre1(MHz),W1(MHz),d1(cm),P4(dBm),Fre4(MHz),W4(MHz),d4(cm),Transfer(KBytes),Bandwidth(Kbits/sec),Jitter(ms),Loss_Rate(%)
20,5220,80,0,20,5220,80,30,11.5,94.1,0.075,0.0
20,5220,80,0,20,5220,80,30,8.61,70.6,0.178,33.0
20,5220,80,0,20,5220,80,30,11.5,94.1,0.569,0.0
20,5220,80,0,20,5220,80,30,8.61,70.6,0.795,0.0
20,5220,80,0,20,5220,80,30,5.74,47.0,0.681,60.0
20,5220,80,0,20,5220,80,30,4.31,35.3,0.564,70.0
20,5220,80,0,20,5220,80,30,0.0,0.0,0.564,100.0
20,5220,80,0,20,5220,80,30,4.31,35.3,0.89,77.0
20,5220,80,0,20,5220,80,30,10.0,82.3,0.907,42.0
20,5220,80,0,20,5220,80,30,12.9,106.0,1.288,0.0
20,5220,80,0,20,5220,80,30,11.5,94.1,0.99,0.0
20,5220,80,0,20,5220,80,30,12.9,106.0,1.068,0.0
20,5220,80,0,20,5220,80,30,10.0,82.3,1.022,12.0
20,5220,80,0,20,5220,80,30,11.5,94.1,1.877,11.0
20,5220,80,0,20,5220,80,30,11.5,94.1,1.428,0.0
20,5220,80,0,20,5220,80,30,7.18,58.8,1.7,29.0
20,5220,80,0,20,5220,80,30,10.0,82.3,2.077,30.0
20,5220,80,0,20,5220,80,30,7.18,58.8,2.33,44.0
20,5220,80,0,20,5220,80,30,10.0,82.3,2.506,12.0
20,5220,80,0,20,5220,80,30,10.0,82.3,2.387,22.0
20,5220,80,0,20,5220,80,30,10.0,82.3,1.745,12.0
20,5220,80,0,20,5220,80,30,12.9,106.0,1.604,0.0
20,5220,80,0,20,5220,80,30,10.0,82.3,1.951,12.0
20,5220,80,0,20,5220,80,30,10.0,82.3,1.385,22.0
20,5220,80,0,20,5220,80,30,11.5,94.1,1.413,0.0
20,5220,80,0,20,5220,80,30,12.9,106.0,1.075,0.0
20,5220,80,0,20,5220,80,30,11.5,94.1,0.722,0.0
20,5220,80,0,20,5220,80,30,11.5,94.1,0.691,11.0
20,5220,80,0,20,5220,80,30,11.5,94.1,0.643,0.0
20,5220,80,0,20,5220,80,30,10.0,82.3,0.943,22.0
20,5220,80,0,20,5220,80,30,5.74,47.0,1.296,43.0
20,5220,80,0,20,5220,80,30,7.18,58.8,1.802,44.0
20,5220,80,0,20,5220,80,30,7.18,58.8,1.757,44.0
20,5220,80,0,20,5220,80,30,11.5,94.1,1.321,11.0
20,5220,80,0,20,5220,80,30,10.0,82.3,1.561,12.0
20,5220,80,0,20,5220,80,30,5.74,47.0,1.531,33.0
20,5220,80,0,20,5220,80,30,1.44,11.8,1.585,88.0
20,5220,80,0,20,5220,80,30,4.31,35.3,1.45,73.0
20,5220,80,0,20,5220,80,30,2.87,23.5,1.554,75.0
20,5220,80,0,20,5220,80,30,0.0,0.0,1.554,100.0
20,5220,80,0,20,5220,80,30,2.87,23.5,1.529,87.0
20,5220,80,0,20,5220,80,30,0.0,0.0,1.529,100.0
20,5220,80,0,20,5220,80,30,1.44,11.8,1.444,95.0
20,5220,80,0,20,5220,80,30,1.44,11.8,1.37,50.0
20,5220,80,0,20,5220,80,30,4.31,35.3,1.292,73.0
20,5220,80,0,20,5220,80,30,4.31,35.3,1.201,77.0
20,5220,80,0,20,5220,80,30,1.44,11.8,1.129,80.0
20,5220,80,0,20,5220,80,30,4.31,35.3,1.205,67.0
20,5220,80,0,20,5220,80,30,5.74,47.0,1.063,56.0
20,5220,80,0,20,5220,80,30,4.31,35.3,0.907,73.0
20,5220,80,0,20,5220,80,30,1.44,11.8,0.852,0.0
20,5220,80,0,20,5220,80,30,5.74,47.0,0.911,73.0
20,5220,80,0,20,5220,80,30,1.44,11.8,0.994,88.0
20,5220,80,0,20,5220,80,30,2.87,23.5,1.126,71.0
20,5220,80,0,20,5220,80,30,5.74,47.0,1.241,64.0
20,5220,80,0,20,5220,80,30,0.0,0.0,1.241,100.0
20,5220,80,0,20,5220,80,30,2.87,23.5,1.397,85.0
20,5220,80,0,20,5220,80,30,2.87,23.5,1.23,71.0
20,5220,80,0,20,5220,80,30,2.87,23.5,1.376,78.0
20,5220,80,0,20,5220,80,30,1.44,11.8,1.296,86.0
20,5220,80,0,20,5220,80,30,2.87,23.5,1.145,80.0
20,5220,80,0,20,5220,80,30,4.31,35.3,1.343,79.0
20,5220,80,0,20,5220,80,30,4.31,35.3,1.371,57.0
20,5220,80,0,20,5220,80,30,2.87,23.5,1.341,75.0
20,5220,80,0,20,5220,80,30,2.87,23.5,1.186,75.0
20,5220,80,0,20,5220,80,30,7.18,58.8,1.338,55.0
20,5220,80,0,20,5220,80,30,1.44,11.8,1.258,50.0
20,5220,80,0,20,5220,80,30,12.9,106.0,1.181,40.0
20,5220,80,0,20,5220,80,30,8.61,70.6,1.197,0.0
20,5220,80,0,20,5220,80,30,12.9,106.0,0.926,18.0
20,5220,80,0,20,5220,80,30,10.0,82.3,0.795,12.0
20,5220,80,0,20,5220,80,30,12.9,106.0,0.97,0.0
20,5220,80,0,20,5220,80,30,10.0,82.3,0.777,12.0
20,5220,80,0,20,5220,80,30,11.5,94.1,0.858,11.0
20,5220,80,0,20,5220,80,30,10.0,82.3,1.053,12.0
20,5220,80,0,20,5220,80,30,8.61,70.6,1.456,33.0
20,5220,80,0,20,5220,80,30,8.61,70.6,1.761,25.0
20,5220,80,0,20,5220,80,30,11.5,94.1,1.576,11.0
20,5220,80,0,20,5220,80,30,7.18,58.8,1.99,29.0
20,5220,80,0,20,5220,80,30,5.74,47.0,2.179,50.0
20,5220,80,0,20,5220,80,30,2.87,23.5,1.996,78.0
20,5220,80,0,20,5220,80,30,5.74,47.0,1.75,56.0
20,5220,80,0,20,5220,80,30,2.87,23.5,1.698,60.0
20,5220,80,0,20,5220,80,30,5.74,47.0,2.153,69.0
20,5220,80,0,20,5220,80,30,10.0,82.3,2.145,12.0
20,5220,80,0,20,5220,80,30,10.0,82.3,2.101,12.0
20,5220,80,0,20,5220,80,30,5.74,47.0,2.369,43.0
20,5220,80,0,20,5220,80,30,2.87,23.5,2.353,75.0
20,5220,80,0,20,5220,80,30,7.18,58.8,2.039,55.0
20,5220,80,0,20,5220,80,30,11.5,94.1,1.452,11.0
20,5220,80,0,20,5220,80,30,10.0,82.3,1.331,0.0
20,5220,80,0,20,5220,80,30,12.9,106.0,1.529,10.0
20,5220,80,0,20,5220,80,30,11.5,94.1,1.258,0.0
20,5220,80,0,20,5220,80,30,7.18,58.8,1.122,44.0
20,5220,80,0,20,5220,80,30,11.5,94.1,1.031,0.0
20,5220,80,0,20,5220,80,30,12.9,106.0,0.867,0.0
20,5220,80,0,20,5220,80,30,7.18,58.8,0.887,38.0
20,5220,80,0,20,5220,80,30,11.5,94.1,1.298,11.0
20,5220,80,0,20,5220,80,30,11.5,94.1,1.216,0.0
20,5220,80,0,20,5220,80,30,12.9,106.0,1.183,0.0
20,5220,80,0,20,5220,80,30,10.0,82.3,1.662,12.0
20,5220,80,0,20,5220,80,30,11.5,94.1,1.243,11.0
20,5220,80,0,20,5220,80,30,10.0,82.3,1.131,12.0
20,5220,80,0,20,5220,80,30,11.5,94.1,0.913,0.0
20,5220,80,0,20,5220,80,30,10.0,82.3,0.964,22.0
20,5220,80,0,20,5220,80,30,12.9,106.0,1.612,0.0
20,5220,80,0,20,5220,80,30,11.5,94.1,1.695,0.0
20,5220,80,0,20,5220,80,30,11.5,94.1,1.33,11.0
20,5220,80,0,20,5220,80,30,10.0,82.3,1.092,12.0
20,5220,80,0,20,5220,80,30,10.0,82.3,1.161,22.0
20,5220,80,0,20,5220,80,30,11.5,94.1,1.204,0.0
20,5220,80,0,20,5220,80,30,11.5,94.1,0.838,0.0
20,5220,80,0,20,5220,80,30,10.0,82.3,1.124,22.0
20,5220,80,0,20,5220,80,30,12.9,106.0,0.825,0.0
20,5220,80,0,20,5220,80,30,11.5,94.1,1.31,0.0
20,5220,80,0,20,5220,80,30,12.9,106.0,1.095,0.0
20,5220,80,0,20,5220,80,30,7.18,58.8,0.99,38.0
20,5220,80,0,20,5220,80,30,12.9,106.0,1.113,0.0
20,5220,80,0,20,5220,80,30,10.0,82.3,1.238,12.0
20,5220,80,0,20,5220,80,30,8.61,70.6,1.102,25.0
20,5220,80,0,20,5220,80,30,8.61,70.6,0.793,33.0
20,5220,80,0,20,5220,80,30,11.5,94.1,0.615,11.0
20,5220,80,0,20,5220,80,30,7.18,58.8,0.593,38.0
20,5220,80,0,20,5220,80,30,11.5,94.1,1.827,0.0
20,5220,80,0,20,5220,80,30,7.18,58.8,1.517,44.0
20,5220,80,0,20,5220,80,30,10.0,82.3,1.243,22.0
20,5220,80,0,20,5220,80,30,8.61,70.6,1.678,25.0
20,5220,80,0,20,5220,80,30,12.9,106.0,1.742,0.0
20,5220,80,0,20,5220,80,30,10.0,82.3,1.358,12.0
20,5220,80,0,20,5220,80,30,7.18,58.8,1.356,44.0
20,5220,80,0,20,5220,80,30,7.18,58.8,1.435,38.0
20,5220,80,0,20,5220,80,30,12.9,106.0,1.497,0.0
20,5220,80,0,20,5220,80,30,10.0,82.3,1.397,12.0
20,5220,80,0,20,5220,80,30,11.5,94.1,1.074,11.0
20,5220,80,0,20,5220,80,30,10.0,82.3,1.424,12.0
20,5220,80,0,20,5220,80,30,12.9,106.0,1.215,0.0
20,5220,80,0,20,5220,80,30,12.9,106.0,0.992,0.0
20,5220,80,0,20,5220,80,30,11.5,94.1,0.79,0.0
20,5220,80,0,20,5220,80,30,12.9,106.0,0.849,0.0
20,5220,80,0,20,5220,80,30,11.5,94.1,0.81,0.0
20,5220,80,0,20,5220,80,30,12.9,106.0,1.208,0.0
20,5220,80,0,20,5220,80,30,11.5,94.1,1.105,0.0
20,5220,80,0,20,5220,80,30,11.5,94.1,0.82,11.0
20,5220,80,0,20,5220,80,30,11.5,94.1,0.757,0.0
20,5220,80,0,20,5220,80,30,11.5,94.1,0.748,11.0
20,5220,80,0,20,5220,80,30,11.5,94.1,1.024,0.0
20,5220,80,0,20,5220,80,30,11.5,94.1,0.954,11.0
20,5220,80,0,20,5220,80,30,11.5,94.1,0.879,0.0
20,5220,80,0,20,5220,80,30,11.5,94.1,0.968,11.0
20,5220,80,0,20,5220,80,30,4.31,35.3,1.09,62.0
20,5220,80,0,20,5220,80,30,11.5,94.1,1.264,11.0
20,5220,80,0,20,5220,80,30,10.0,82.3,1.385,12.0
20,5220,80,0,20,5220,80,30,12.9,106.0,0.974,0.0
20,5220,80,0,20,5220,80,30,11.5,94.1,1.001,0.0
20,5220,80,0,20,5220,80,30,12.9,106.0,1.279,0.0
20,5220,80,0,20,5220,80,30,11.5,94.1,1.389,0.0
20,5220,80,0,20,5220,80,30,11.5,94.1,1.749,11.0
20,5220,80,0,20,5220,80,30,10.0,82.3,1.346,12.0
20,5220,80,0,20,5220,80,30,11.5,94.1,1.549,0.0
20,5220,80,0,20,5220,80,30,11.5,94.1,1.835,11.0
20,5220,80,0,20,5220,80,30,12.9,106.0,1.334,0.0
20,5220,80,0,20,5220,80,30,8.61,70.6,1.111,25.0
20,5220,80,0,20,5220,80,30,12.9,106.0,0.844,0.0
20,5220,80,0,20,5220,80,30,5.74,47.0,0.697,0.0
20,5220,80,0,20,5220,80,30,12.9,106.0,1.234,31.0
20,5220,80,0,20,5220,80,30,10.0,82.3,1.052,12.0
20,5220,80,0,20,5220,80,30,11.5,94.1,1.1,11.0
20,5220,80,0,20,5220,80,30,10.0,82.3,0.993,12.0
20,5220,80,0,20,5220,80,30,12.9,106.0,1.192,0.0
20,5220,80,0,20,5220,80,30,10.0,82.3,1.999,12.0
20,5220,80,0,20,5220,80,30,12.9,106.0,1.815,0.0
20,5220,80,0,20,5220,80,30,11.5,94.1,2.033,0.0
20,5220,80,0,20,5220,80,30,12.9,106.0,1.581,0.0
20,5220,80,0,20,5220,80,30,7.18,58.8,1.248,38.0
20,5220,80,0,20,5220,80,30,10.0,82.3,1.627,22.0
20,5220,80,0,20,5220,80,30,11.5,94.1,1.576,0.0
20,5220,80,0,20,5220,80,30,12.9,106.0,2.303,0.0
20,5220,80,0,20,5220,80,30,11.5,94.1,1.57,0.0
20,5220,80,0,20,5220,80,30,12.9,106.0,1.371,0.0
20,5220,80,0,20,5220,80,30,11.5,94.1,1.121,0.0
20,5220,80,0,20,5220,80,30,11.5,94.1,0.993,11.0
20,5220,80,0,20,5220,80,30,11.5,94.1,0.735,0.0
20,5220,80,0,20,5220,80,30,12.9,106.0,0.845,0.0
20,5220,80,0,20,5220,80,30,11.5,94.1,0.705,0.0
20,5220,80,0,20,5220,80,30,12.9,106.0,1.402,0.0
20,5220,80,0,20,5220,80,30,11.5,94.1,1.595,0.0
20,5220,80,0,20,5220,80,30,12.9,106.0,1.101,0.0
20,5220,80,0,20,5220,80,30,11.5,94.1,0.912,0.0
20,5220,80,0,20,5220,80,30,12.9,106.0,1.025,0.0
20,5220,80,0,20,5220,80,30,10.0,82.3,1.125,12.0
20,5220,80,0,20,5220,80,30,12.9,106.0,1.617,0.0
20,5220,80,0,20,5220,80,30,10.0,82.3,1.55,12.0
20,5220,80,0,20,5220,80,30,12.9,106.0,1.282,0.0
20,5220,80,0,20,5220,80,30,11.5,94.1,1.299,0.0
20,5220,80,0,20,5220,80,30,12.9,106.0,1.166,0.0
20,5220,80,0,20,5220,80,30,11.5,94.1,1.41,0.0
20,5220,80,0,20,5220,80,30,8.61,70.6,1.156,25.0
20,5220,80,0,20,5220,80,30,11.5,94.1,1.305,11.0
20,5220,80,0,20,5220,80,30,10.0,82.3,1.129,22.0
20,5220,80,0,20,5220,80,30,11.5,94.1,1.346,0.0
20,5220,80,0,20,5220,80,30,12.9,106.0,1.027,0.0
20,5220,80,0,20,5220,80,30,10.0,82.3,0.876,12.0
20,5220,80,0,20,5220,80,30,11.5,94.1,0.993,11.0
20,5220,80,0,20,5220,80,30,10.0,82.3,0.993,12.0
20,5220,80,0,20,5220,80,30,11.5,94.1,0.803,11.0
20,5220,80,0,20,5220,80,30,11.5,94.1,1.165,0.0
20,5220,80,0,20,5220,80,30,11.5,94.1,1.224,11.0
20,5220,80,0,20,5220,80,30,11.5,94.1,0.947,0.0
20,5220,80,0,20,5220,80,30,12.9,106.0,1.193,0.0
20,5220,80,0,20,5220,80,30,11.5,94.1,1.058,0.0
20,5220,80,0,20,5220,80,30,12.9,106.0,0.833,0.0
20,5220,80,0,20,5220,80,30,11.5,94.1,0.907,0.0
20,5220,80,0,20,5220,80,30,12.9,106.0,0.728,0.0
20,5220,80,0,20,5220,80,30,11.5,94.1,1.025,0.0
20,5220,80,0,20,5220,80,30,12.9,106.0,0.887,0.0
20,5220,80,0,20,5220,80,30,10.0,82.3,0.707,12.0
20,5220,80,0,20,5220,80,30,12.9,106.0,0.977,0.0
20,5220,80,0,20,5220,80,30,10.0,82.3,0.777,0.0
20,5220,80,0,20,5220,80,30,11.5,94.1,0.967,20.0
20,5220,80,0,20,5220,80,30,8.61,70.6,1.314,14.0
20,5220,80,0,20,5220,80,30,10.0,82.3,1.311,30.0
20,5220,80,0,20,5220,80,30,8.61,70.6,1.373,25.0
20,5220,80,0,20,5220,80,30,10.0,82.3,1.206,12.0
20,5220,80,0,20,5220,80,30,8.61,70.6,0.845,33.0
20,5220,80,0,20,5220,80,30,12.9,106.0,0.974,0.0
20,5220,80,0,20,5220,80,30,8.61,70.6,0.81,25.0
20,5220,80,0,20,5220,80,30,10.0,82.3,0.999,12.0
20,5220,80,0,20,5220,80,30,8.61,70.6,1.299,33.0
20,5220,80,0,20,5220,80,30,11.5,94.1,1.556,11.0
20,5220,80,0,20,5220,80,30,11.5,94.1,1.896,0.0
20,5220,80,0,20,5220,80,30,11.5,94.1,1.3,11.0
20,5220,80,0,20,5220,80,30,8.61,70.6,1.219,14.0
20,5220,80,0,20,5220,80,30,10.0,82.3,1.261,30.0
20,5220,80,0,20,5220,80,30,11.5,94.1,1.515,0.0
20,5220,80,0,20,5220,80,30,10.0,82.3,2.008,22.0
20,5220,80,0,20,5220,80,30,10.0,82.3,2.433,12.0
20,5220,80,0,20,5220,80,30,8.61,70.6,2.845,33.0
20,5220,80,0,20,5220,80,30,10.0,82.3,2.446,12.0
20,5220,80,0,20,5220,80,30,10.0,82.3,2.375,22.0
20,5220,80,0,20,5220,80,30,8.61,70.6,1.835,25.0
20,5220,80,0,20,5220,80,30,8.61,70.6,1.689,33.0
20,5220,80,0,20,5220,80,30,7.18,58.8,1.812,38.0
20,5220,80,0,20,5220,80,30,12.9,106.0,1.331,0.0
20,5220,80,0,20,5220,80,30,8.61,70.6,1.258,25.0
20,5220,80,0,20,5220,80,30,11.5,94.1,1.041,11.0
20,5220,80,0,20,5220,80,30,11.5,94.1,1.291,0.0
20,5220,80,0,20,5220,80,30,12.9,106.0,1.348,0.0
20,5220,80,0,20,5220,80,30,8.61,70.6,1.035,25.0
20,5220,80,0,20,5220,80,30,8.61,70.6,1.844,33.0
20,5220,80,0,20,5220,80,30,11.5,94.1,1.568,0.0
20,5220,80,0,20,5220,80,30,11.5,94.1,1.515,11.0
20,5220,80,0,20,5220,80,30,11.5,94.1,1.461,0.0
20,5220,80,0,20,5220,80,30,10.0,82.3,1.155,22.0
20,5220,80,0,20,5220,80,30,11.5,94.1,1.184,0.0
20,5220,80,0,20,5220,80,30,11.5,94.1,1.271,11.0
20,5220,80,0,20,5220,80,30,11.5,94.1,1.186,0.0
20,5220,80,0,20,5220,80,30,12.9,106.0,0.998,0.0
20,5220,80,0,20,5220,80,30,10.0,82.3,0.914,12.0
20,5220,80,0,20,5220,80,30,11.5,94.1,1.615,11.0
20,5220,80,0,20,5220,80,30,8.61,70.6,1.274,25.0
20,5220,80,0,20,5220,80,30,11.5,94.1,1.923,11.0
20,5220,80,0,20,5220,80,30,8.61,70.6,1.715,14.0
20,5220,80,0,20,5220,80,30,11.5,94.1,1.76,20.0
20,5220,80,0,20,5220,80,30,10.0,82.3,1.446,12.0
20,5220,80,0,20,5220,80,30,8.61,70.6,1.325,33.0
20,5220,80,0,20,5220,80,30,10.0,82.3,1.179,12.0
20,5220,80,0,20,5220,80,30,7.18,58.8,1.712,38.0
20,5220,80,0,20,5220,80,30,10.0,82.3,1.492,22.0
20,5220,80,0,20,5220,80,30,12.9,106.0,1.851,0.0
20,5220,80,0,20,5220,80,30,10.0,82.3,1.38,0.0
20,5220,80,0,20,5220,80,30,11.5,94.1,1.804,20.0
20,5220,80,0,20,5220,80,30,8.61,70.6,1.587,25.0
20,5220,80,0,20,5220,80,30,8.61,70.6,1.334,33.0
20,5220,80,0,20,5220,80,30,2.87,23.5,1.251,50.0
20,5220,80,0,20,5220,80,30,2.87,23.5,1.226,75.0
20,5220,80,0,20,5220,80,30,2.87,23.5,1.29,85.0
20,5220,80,0,20,5220,80,30,1.44,11.8,1.354,80.0
20,5220,80,0,20,5220,80,30,2.87,23.5,1.342,82.0
20,5220,80,0,20,5220,80,30,2.87,23.5,1.315,67.0
20,5220,80,0,20,5220,80,30,2.87,23.5,1.308,80.0
20,5220,80,0,20,5220,80,30,4.31,35.3,1.368,73.0
20,5220,80,0,20,5220,80,30,8.61,70.6,1.265,25.0
20,5220,80,0,20,5220,80,30,2.87,23.5,1.248,75.0
20,5220,80,0,20,5220,80,30,1.44,11.8,1.18,86.0
20,5220,80,0,20,5220,80,30,4.31,35.3,1.127,62.0
20,5220,80,0,20,5220,80,30,2.87,23.5,1.136,75.0
20,5220,80,0,20,5220,80,30,1.44,11.8,1.209,80.0
20,5220,80,0,20,5220,80,30,1.44,11.8,1.27,93.0
20,5220,80,0,20,5220,80,30,0.0,0.0,1.27,100.0
20,5220,80,0,20,5220,80,30,1.44,11.8,1.203,91.0
20,5220,80,0,20,5220,80,30,4.31,35.3,1.017,81.0
20,5220,80,0,20,5220,80,30,4.31,35.3,1.002,67.0
20,5220,80,0,20,5220,80,30,1.44,11.8,1.078,86.0
20,5220,80,0,20,5220,80,30,1.44,11.8,1.15,83.0
20,5220,80,0,20,5220,80,30,5.74,47.0,1.191,67.0
20,5220,80,0,20,5220,80,30,10.0,82.3,0.947,12.0
20,5220,80,0,20,5220,80,30,8.61,70.6,1.379,33.0
20,5220,80,0,20,5220,80,30,10.0,82.3,1.271,12.0
20,5220,80,0,20,5220,80,30,10.0,82.3,0.961,22.0
20,5220,80,0,20,5220,80,30,11.5,94.1,0.824,11.0
20,5220,80,0,20,5220,80,30,5.74,47.0,1.689,0.0
20,5220,80,0,20,5220,80,30,2.87,23.5,1.854,85.0
20,5220,80,0,20,5220,80,30,4.31,35.3,1.785,62.0
20,5220,80,0,20,5220,80,30,1.44,11.8,1.81,86.0
20,5220,80,0,20,5220,80,30,8.61,70.6,1.631,40.0
20,5220,80,0,20,5220,80,30,10.0,82.3,1.518,22.0
20,5220,80,0,20,5220,80,30,10.0,82.3,1.164,12.0
20,5220,80,0,20,5220,80,30,7.18,58.8,1.628,38.0
20,5220,80,0,20,5220,80,30,2.87,23.5,1.695,78.0
20,5220,80,0,20,5220,80,30,2.87,23.5,1.751,78.0
20,5220,80,0,20,5220,80,30,1.44,11.8,1.782,80.0
20,5220,80,0,20,5220,80,30,1.44,11.8,1.824,88.0
20,5220,80,0,20,5220,80,30,0.0,0.0,1.824,100.0
20,5220,80,0,20,5220,80,30,8.61,70.6,1.837,71.0
20,5220,80,0,20,5220,80,30,10.0,82.3,1.872,12.0
20,5220,80,0,20,5220,80,30,10.0,82.3,1.641,22.0
20,5220,80,0,20,5220,80,30,7.18,58.8,1.455,17.0
20,5220,80,0,20,5220,80,30,2.87,23.5,1.512,71.0
20,5220,80,0,20,5220,80,30,2.87,23.5,1.475,83.0
20,5220,80,0,20,5220,80,30,4.31,35.3,1.266,62.0
20,5220,80,0,20,5220,80,30,1.44,11.8,1.324,67.0
20,5220,80,0,20,5220,80,30,5.74,47.0,1.166,73.0
20,5220,80,0,20,5220,80,30,2.87,23.5,1.163,50.0
20,5220,80,0,20,5220,80,30,12.9,106.0,1.015,31.0
20,5220,80,0,20,5220,80,30,11.5,94.1,0.821,0.0
20,5220,80,0,20,5220,80,30,10.0,82.3,1.151,22.0
20,5220,80,0,20,5220,80,30,11.5,94.1,1.039,0.0
20,5220,80,0,20,5220,80,30,10.0,82.3,1.099,22.0
20,5220,80,0,20,5220,80,30,11.5,94.1,1.073,0.0
20,5220,80,0,20,5220,80,30,12.9,106.0,0.954,0.0
20,5220,80,0,20,5220,80,30,10.0,82.3,1.045,12.0
20,5220,80,0,20,5220,80,30,11.5,94.1,1.001,11.0
20,5220,80,0,20,5220,80,30,8.61,70.6,1.098,14.0
20,5220,80,0,20,5220,80,30,12.9,106.0,1.054,10.0
20,5220,80,0,20,5220,80,30,10.0,82.3,2.012,12.0
20,5220,80,0,20,5220,80,30,10.0,82.3,1.546,22.0
20,5220,80,0,20,5220,80,30,8.61,70.6,1.306,25.0
20,5220,80,0,20,5220,80,30,10.0,82.3,1.24,22.0
20,5220,80,0,20,5220,80,30,10.0,82.3,1.413,12.0
20,5220,80,0,20,5220,80,30,10.0,82.3,2.596,22.0
20,5220,80,0,20,5220,80,30,7.18,58.8,3.193,38.0
20,5220,80,0,20,5220,80,30,10.0,82.3,2.616,22.0
20,5220,80,0,20,5220,80,30,8.61,70.6,2.334,25.0
20,5220,80,0,20,5220,80,30,11.5,94.1,2.791,11.0
20,5220,80,0,20,5220,80,30,10.0,82.3,2.781,12.0
20,5220,80,0,20,5220,80,30,12.9,106.0,2.371,0.0
20,5220,80,0,20,5220,80,30,10.0,82.3,2.047,12.0
20,5220,80,0,20,5220,80,30,8.61,70.6,1.873,33.0
20,5220,80,0,20,5220,80,30,7.18,58.8,1.826,29.0
20,5220,80,0,20,5220,80,30,10.0,82.3,1.815,30.0
20,5220,80,0,20,5220,80,30,11.5,94.1,1.679,0.0
20,5220,80,0,20,5220,80,30,11.5,94.1,2.127,11.0
20,5220,80,0,20,5220,80,30,10.0,82.3,1.822,12.0
20,5220,80,0,20,5220,80,30,11.5,94.1,2.156,11.0
20,5220,80,0,20,5220,80,30,11.5,94.1,1.731,0.0
20,5220,80,0,20,5220,80,30,11.5,94.1,2.325,11.0
20,5220,80,0,20,5220,80,30,11.5,94.1,1.542,0.0
20,5220,80,0,20,5220,80,30,12.9,106.0,1.172,0.0
20,5220,80,0,20,5220,80,30,8.61,70.6,1.251,25.0
20,5220,80,0,20,5220,80,30,7.18,58.8,1.093,44.0
20,5220,80,0,20,5220,80,30,8.61,70.6,1.299,25.0
20,5220,80,0,20,5220,80,30,12.9,106.0,1.057,0.0
20,5220,80,0,20,5220,80,30,8.61,70.6,1.418,14.0
20,5220,80,0,20,5220,80,30,12.9,106.0,2.288,10.0
20,5220,80,0,20,5220,80,30,11.5,94.1,1.828,0.0
20,5220,80,0,20,5220,80,30,11.5,94.1,1.856,0.0
20,5220,80,0,20,5220,80,30,11.5,94.1,1.322,11.0
20,5220,80,0,20,5220,80,30,8.61,70.6,1.248,33.0
20,5220,80,0,20,5220,80,30,10.0,82.3,1.497,12.0
20,5220,80,0,20,5220,80,30,11.5,94.1,1.539,11.0
20,5220,80,0,20,5220,80,30,8.61,70.6,1.2,25.0
20,5220,80,0,20,5220,80,30,12.9,106.0,1.516,0.0
20,5220,80,0,20,5220,80,30,8.61,70.6,1.373,25.0
20,5220,80,0,20,5220,80,30,12.9,106.0,2.657,0.0
20,5220,80,0,20,5220,80,30,10.0,82.3,1.872,12.0
20,5220,80,0,20,5220,80,30,10.0,82.3,1.411,22.0
20,5220,80,0,20,5220,80,30,10.0,82.3,1.648,12.0
20,5220,80,0,20,5220,80,30,2.87,23.5,2.139,71.0
20,5220,80,0,20,5220,80,30,10.0,82.3,1.916,30.0
20,5220,80,0,20,5220,80,30,7.18,58.8,1.834,38.0
20,5220,80,0,20,5220,80,30,11.5,94.1,1.343,11.0
20,5220,80,0,20,5220,80,30,12.9,106.0,1.1,0.0
20,5220,80,0,20,5220,80,30,11.5,94.1,0.953,0.0
20,5220,80,0,20,5220,80,30,10.0,82.3,1.791,22.0
20,5220,80,0,20,5220,80,30,8.61,70.6,1.451,14.0
20,5220,80,0,20,5220,80,30,11.5,94.1,1.271,11.0
20,5220,80,0,20,5220,80,30,10.0,82.3,1.28,22.0
20,5220,80,0,20,5220,80,30,12.9,106.0,1.618,0.0
20,5220,80,0,20,5220,80,30,7.18,58.8,1.508,38.0
20,5220,80,0,20,5220,80,30,12.9,106.0,1.142,0.0
20,5220,80,0,20,5220,80,30,11.5,94.1,1.1,0.0
20,5220,80,0,20,5220,80,30,7.18,58.8,1.206,38.0
20,5220,80,0,20,5220,80,30,7.18,58.8,0.93,29.0
20,5220,80,0,20,5220,80,30,10.0,82.3,1.05,36.0
20,5220,80,0,20,5220,80,30,10.0,82.3,1.419,12.0
20,5220,80,0,20,5220,80,30,11.5,94.1,1.608,11.0
20,5220,80,0,20,5220,80,30,10.0,82.3,1.394,12.0
20,5220,80,0,20,5220,80,30,10.0,82.3,2.712,22.0
20,5220,80,0,20,5220,80,30,8.61,70.6,2.159,25.0
20,5220,80,0,20,5220,80,30,12.9,106.0,1.626,0.0
20,5220,80,0,20,5220,80,30,10.0,82.3,1.844,12.0
20,5220,80,0,20,5220,80,30,12.9,106.0,1.759,0.0
20,5220,80,0,20,5220,80,30,8.61,70.6,1.441,25.0
20,5220,80,0,20,5220,80,30,10.0,82.3,1.254,0.0
20,5220,80,0,20,5220,80,30,8.61,70.6,1.168,40.0
20,5220,80,0,20,5220,80,30,11.5,94.1,1.312,11.0
20,5220,80,0,20,5220,80,30,10.0,82.3,1.397,12.0
20,5220,80,0,20,5220,80,30,11.5,94.1,1.414,11.0
20,5220,80,0,20,5220,80,30,8.61,70.6,1.556,25.0
20,5220,80,0,20,5220,80,30,11.5,94.1,1.884,11.0
20,5220,80,0,20,5220,80,30,11.5,94.1,1.41,0.0
20,5220,80,0,20,5220,80,30,12.9,106.0,1.627,0.0
20,5220,80,0,20,5220,80,30,11.5,94.1,1.681,0.0
20,5220,80,0,20,5220,80,30,12.9,106.0,1.645,0.0
20,5220,80,0,20,5220,80,30,10.0,82.3,1.266,12.0
20,5220,80,0,20,5220,80,30,11.5,94.1,1.725,0.0
20,5220,80,0,20,5220,80,30,11.5,94.1,1.305,11.0
20,5220,80,0,20,5220,80,30,11.5,94.1,1.638,11.0
20,5220,80,0,20,5220,80,30,8.61,70.6,1.902,25.0
20,5220,80,0,20,5220,80,30,12.9,106.0,1.318,0.0
20,5220,80,0,20,5220,80,30,10.0,82.3,2.125,0.0
20,5220,80,0,20,5220,80,30,12.9,106.0,1.879,10.0
20,5220,80,0,20,5220,80,30,11.5,94.1,1.898,0.0
20,5220,80,0,20,5220,80,30,11.5,94.1,1.683,0.0
20,5220,80,0,20,5220,80,30,10.0,82.3,1.747,12.0
20,5220,80,0,20,5220,80,30,10.0,82.3,1.828,30.0
20,5220,80,0,20,5220,80,30,8.61,70.6,1.403,25.0
20,5220,80,0,20,5220,80,30,11.5,94.1,1.459,11.0
20,5220,80,0,20,5220,80,30,11.5,94.1,2.103,0.0
20,5220,80,0,20,5220,80,30,12.9,106.0,1.758,0.0
20,5220,80,0,20,5220,80,30,11.5,94.1,1.228,11.0
20,5220,80,0,20,5220,80,30,10.0,82.3,1.282,12.0
20,5220,80,0,20,5220,80,30,12.9,106.0,1.902,0.0
20,5220,80,0,20,5220,80,30,11.5,94.1,1.757,0.0
20,5220,80,0,20,5220,80,30,12.9,106.0,1.422,0.0
20,5220,80,0,20,5220,80,30,11.5,94.1,1.238,0.0
20,5220,80,0,20,5220,80,30,11.5,94.1,1.372,11.0
20,5220,80,0,20,5220,80,30,10.0,82.3,1.308,0.0
20,5220,80,0,20,5220,80,30,12.9,106.0,1.102,10.0
20,5220,80,0,20,5220,80,30,10.0,82.3,1.164,12.0
20,5220,80,0,20,5220,80,30,11.5,94.1,1.125,11.0
20,5220,80,0,20,5220,80,30,11.5,94.1,0.953,0.0
20,5220,80,0,20,5220,80,30,11.5,94.1,0.806,11.0
20,5220,80,0,20,5220,80,30,11.5,94.1,0.786,0.0
20,5220,80,0,20,5220,80,30,11.5,94.1,1.153,0.0
20,5220,80,0,20,5220,80,30,11.5,94.1,1.145,11.0
20,5220,80,0,20,5220,80,30,10.0,82.3,1.418,22.0
20,5220,80,0,20,5220,80,30,8.61,70.6,1.322,25.0
20,5220,80,0,20,5220,80,30,12.9,106.0,0.96,0.0
20,5220,80,0,20,5220,80,30,10.0,82.3,0.827,12.0
20,5220,80,0,20,5220,80,30,12.9,106.0,0.825,0.0
20,5220,80,0,20,5220,80,30,11.5,94.1,0.675,0.0
20,5220,80,0,20,5220,80,30,12.9,106.0,0.705,0.0
20,5220,80,0,20,5220,80,30,10.0,82.3,1.2,0.0
20,5220,80,0,20,5220,80,30,11.5,94.1,1.038,20.0
20,5220,80,0,20,5220,80,30,11.5,94.1,0.944,0.0
20,5220,80,0,20,5220,80,30,10.0,82.3,1.605,22.0
20,5220,80,0,20,5220,80,30,11.5,94.1,1.756,0.0
20,5220,80,0,20,5220,80,30,12.9,106.0,1.226,0.0
20,5220,80,0,20,5220,80,30,8.61,70.6,1.241,25.0
20,5220,80,0,20,5220,80,30,12.9,106.0,0.929,0.0
20,5220,80,0,20,5220,80,30,10.0,82.3,0.836,12.0
20,5220,80,0,20,5220,80,30,8.61,70.6,0.888,33.0
20,5220,80,0,20,5220,80,30,11.5,94.1,1.559,0.0
20,5220,80,0,20,5220,80,30,11.5,94.1,1.079,11.0
20,5220,80,0,20,5220,80,30,7.18,58.8,1.599,38.0
20,5220,80,0,20,5220,80,30,12.9,106.0,1.202,0.0
20,5220,80,0,20,5220,80,30,10.0,82.3,1.047,12.0
20,5220,80,0,20,5220,80,30,11.5,94.1,0.972,11.0
20,5220,80,0,20,5220,80,30,11.5,94.1,1.569,0.0
20,5220,80,0,20,5220,80,30,11.5,94.1,1.191,11.0
20,5220,80,0,20,5220,80,30,10.0,82.3,1.207,12.0
20,5220,80,0,20,5220,80,30,12.9,106.0,1.537,0.0
20,5220,80,0,20,5220,80,30,11.5,94.1,1.486,0.0
20,5220,80,0,20,5220,80,30,11.5,94.1,1.236,11.0
20,5220,80,0,20,5220,80,30,4.31,35.3,1.359,62.0
20,5220,80,0,20,5220,80,30,8.61,70.6,1.77,33.0
20,5220,80,0,20,5220,80,30,10.0,82.3,1.696,12.0
20,5220,80,0,20,5220,80,30,11.5,94.1,1.438,0.0
20,5220,80,0,20,5220,80,30,10.0,82.3,1.686,22.0
20,5220,80,0,20,5220,80,30,7.18,58.8,1.502,38.0
20,5220,80,0,20,5220,80,30,10.0,82.3,1.452,22.0
20,5220,80,0,20,5220,80,30,11.5,94.1,1.765,11.0
20,5220,80,0,20,5220,80,30,11.5,94.1,2.01,0.0
20,5220,80,0,20,5220,80,30,8.61,70.6,2.344,33.0
20,5220,80,0,20,5220,80,30,8.61,70.6,1.797,25.0
20,5220,80,0,20,5220,80,30,12.9,106.0,1.963,0.0
20,5220,80,0,20,5220,80,30,7.18,58.8,1.958,29.0
20,5220,80,0,20,5220,80,30,11.5,94.1,1.791,20.0
20,5220,80,0,20,5220,80,30,11.5,94.1,1.515,0.0
20,5220,80,0,20,5220,80,30,11.5,94.1,1.744,11.0
20,5220,80,0,20,5220,80,30,10.0,82.3,1.35,0.0
20,5220,80,0,20,5220,80,30,11.5,94.1,1.029,20.0
20,5220,80,0,20,5220,80,30,10.0,82.3,0.911,12.0
20,5220,80,0,20,5220,80,30,11.5,94.1,0.643,11.0
20,5220,80,0,20,5220,80,30,11.5,94.1,0.813,0.0
20,5220,80,0,20,5220,80,30,11.5,94.1,1.271,11.0
20,5220,80,0,20,5220,80,30,10.0,82.3,1.301,12.0
20,5220,80,0,20,5220,80,30,12.9,106.0,1.618,0.0
20,5220,80,0,20,5220,80,30,11.5,94.1,1.417,0.0

