P1(dBm),Fre1(MHz),W1(MHz),d1(cm),P2(dBm),Fre2(MHz),W2(MHz),d2(cm),P3(dBm),Fre3(MHz),W3(MHz),d3(cm),P4(dBm),Fre4(MHz),W4(MHz),d4(cm),Transfer(KBytes),Bandwidth(Kbits/sec),Jitter(ms),Loss_Rate(%)
20,5220,80,0,20,5220,80,10,20,5220,80,20,20,5220,80,30,0.0,0.0,0.0,100.0
20,5220,80,0,20,5220,80,10,20,5220,80,20,20,5220,80,30,4.31,35.3,0.08,83.0
20,5220,80,0,20,5220,80,10,20,5220,80,20,20,5220,80,30,0.0,0.0,0.08,100.0
20,5220,80,0,20,5220,80,10,20,5220,80,20,20,5220,80,30,0.0,0.0,0.08,100.0
20,5220,80,0,20,5220,80,10,20,5220,80,20,20,5220,80,30,0.0,0.0,0.08,100.0
20,5220,80,0,20,5220,80,10,20,5220,80,20,20,5220,80,30,1.44,11.8,0.381,97.0
20,5220,80,0,20,5220,80,10,20,5220,80,20,20,5220,80,30,0.0,0.0,0.381,100.0
20,5220,80,0,20,5220,80,10,20,5220,80,20,20,5220,80,30,0.0,0.0,0.381,100.0
20,5220,80,0,20,5220,80,10,20,5220,80,20,20,5220,80,30,0.0,0.0,0.381,100.0
20,5220,80,0,20,5220,80,10,20,5220,80,20,20,5220,80,30,0.0,0.0,0.381,100.0
20,5220,80,0,20,5220,80,10,20,5220,80,20,20,5220,80,30,0.0,0.0,0.381,100.0
20,5220,80,0,20,5220,80,10,20,5220,80,20,20,5220,80,30,0.0,0.0,0.381,100.0
20,5220,80,0,20,5220,80,10,20,5220,80,20,20,5220,80,30,0.0,0.0,0.381,100.0
20,5220,80,0,20,5220,80,10,20,5220,80,20,20,5220,80,30,2.87,23.5,139.762,96.0
20,5220,80,0,20,5220,80,10,20,5220,80,20,20,5220,80,30,1.44,11.8,206.693,94.0
20,5220,80,0,20,5220,80,10,20,5220,80,20,20,5220,80,30,4.31,35.3,170.361,81.0
20,5220,80,0,20,5220,80,10,20,5220,80,20,20,5220,80,30,4.31,35.3,140.379,50.0
20,5220,80,0,20,5220,80,10,20,5220,80,20,20,5220,80,30,2.87,23.5,123.521,82.0
20,5220,80,0,20,5220,80,10,20,5220,80,20,20,5220,80,30,4.31,35.3,101.93,62.0
20,5220,80,0,20,5220,80,10,20,5220,80,20,20,5220,80,30,5.74,47.0,78.76,50.0
20,5220,80,0,20,5220,80,10,20,5220,80,20,20,5220,80,30,5.74,47.0,60.867,56.0
20,5220,80,0,20,5220,80,10,20,5220,80,20,20,5220,80,30,2.87,23.5,53.505,50.0
20,5220,80,0,20,5220,80,10,20,5220,80,20,20,5220,80,30,5.74,47.0,41.37,69.0
20,5220,80,0,20,5220,80,10,20,5220,80,20,20,5220,80,30,1.44,11.8,38.933,88.0
20,5220,80,0,20,5220,80,10,20,5220,80,20,20,5220,80,30,2.87,23.5,34.495,75.0
20,5220,80,0,20,5220,80,10,20,5220,80,20,20,5220,80,30,1.44,11.8,32.355,75.0
20,5220,80,0,20,5220,80,10,20,5220,80,20,20,5220,80,30,0.0,0.0,32.355,100.0
20,5220,80,0,20,5220,80,10,20,5220,80,20,20,5220,80,30,1.44,11.8,30.486,95.0
20,5220,80,0,20,5220,80,10,20,5220,80,20,20,5220,80,30,1.44,11.8,28.583,83.0
20,5220,80,0,20,5220,80,10,20,5220,80,20,20,5220,80,30,0.0,0.0,28.583,100.0
20,5220,80,0,20,5220,80,10,20,5220,80,20,20,5220,80,30,1.44,11.8,26.951,95.0
20,5220,80,0,20,5220,80,10,20,5220,80,20,20,5220,80,30,0.0,0.0,26.951,100.0
20,5220,80,0,20,5220,80,10,20,5220,80,20,20,5220,80,30,1.44,11.8,25.284,93.0
20,5220,80,0,20,5220,80,10,20,5220,80,20,20,5220,80,30,4.31,35.3,20.975,62.0
20,5220,80,0,20,5220,80,10,20,5220,80,20,20,5220,80,30,0.0,0.0,20.975,100.0
20,5220,80,0,20,5220,80,10,20,5220,80,20,20,5220,80,30,1.44,11.8,19.815,94.0
20,5220,80,0,20,5220,80,10,20,5220,80,20,20,5220,80,30,0.0,0.0,19.815,100.0
20,5220,80,0,20,5220,80,10,20,5220,80,20,20,5220,80,30,1.44,11.8,18.581,94.0
20,5220,80,0,20,5220,80,10,20,5220,80,20,20,5220,80,30,0.0,0.0,18.581,100.0
20,5220,80,0,20,5220,80,10,20,5220,80,20,20,5220,80,30,0.0,0.0,18.581,100.0
20,5220,80,0,20,5220,80,10,20,5220,80,20,20,5220,80,30,2.87,23.5,16.343,92.0
20,5220,80,0,20,5220,80,10,20,5220,80,20,20,5220,80,30,0.0,0.0,16.343,100.0
20,5220,80,0,20,5220,80,10,20,5220,80,20,20,5220,80,30,2.87,23.5,14.51,90.0
20,5220,80,0,20,5220,80,10,20,5220,80,20,20,5220,80,30,0.0,0.0,14.51,100.0
20,5220,80,0,20,5220,80,10,20,5220,80,20,20,5220,80,30,2.87,23.5,13.021,82.0
20,5220,80,0,20,5220,80,10,20,5220,80,20,20,5220,80,30,2.87,23.5,11.681,83.0
20,5220,80,0,20,5220,80,10,20,5220,80,20,20,5220,80,30,2.87,23.5,10.365,71.0
20,5220,80,0,20,5220,80,10,20,5220,80,20,20,5220,80,30,1.44,11.8,9.721,89.0
20,5220,80,0,20,5220,80,10,20,5220,80,20,20,5220,80,30,0.0,0.0,9.721,100.0
20,5220,80,0,20,5220,80,10,20,5220,80,20,20,5220,80,30,1.44,11.8,9.131,93.0
20,5220,80,0,20,5220,80,10,20,5220,80,20,20,5220,80,30,1.44,11.8,8.575,93.0
20,5220,80,0,20,5220,80,10,20,5220,80,20,20,5220,80,30,2.87,23.5,7.667,75.0
20,5220,80,0,20,5220,80,10,20,5220,80,20,20,5220,80,30,0.0,0.0,7.667,100.0
20,5220,80,0,20,5220,80,10,20,5220,80,20,20,5220,80,30,0.0,0.0,7.667,100.0
20,5220,80,0,20,5220,80,10,20,5220,80,20,20,5220,80,30,0.0,0.0,7.667,100.0
20,5220,80,0,20,5220,80,10,20,5220,80,20,20,5220,80,30,2.87,23.5,7.003,94.0
20,5220,80,0,20,5220,80,10,20,5220,80,20,20,5220,80,30,1.44,11.8,6.568,86.0
20,5220,80,0,20,5220,80,10,20,5220,80,20,20,5220,80,30,0.0,0.0,6.568,100.0
20,5220,80,0,20,5220,80,10,20,5220,80,20,20,5220,80,30,1.44,11.8,6.159,94.0
20,5220,80,0,20,5220,80,10,20,5220,80,20,20,5220,80,30,1.44,11.8,6.115,86.0
20,5220,80,0,20,5220,80,10,20,5220,80,20,20,5220,80,30,0.0,0.0,6.115,100.0
20,5220,80,0,20,5220,80,10,20,5220,80,20,20,5220,80,30,0.0,0.0,6.115,100.0
20,5220,80,0,20,5220,80,10,20,5220,80,20,20,5220,80,30,0.0,0.0,6.115,100.0
20,5220,80,0,20,5220,80,10,20,5220,80,20,20,5220,80,30,0.0,0.0,6.115,100.0
20,5220,80,0,20,5220,80,10,20,5220,80,20,20,5220,80,30,0.0,0.0,6.115,100.0
20,5220,80,0,20,5220,80,10,20,5220,80,20,20,5220,80,30,0.0,0.0,6.115,100.0
20,5220,80,0,20,5220,80,10,20,5220,80,20,20,5220,80,30,0.0,0.0,6.115,100.0
20,5220,80,0,20,5220,80,10,20,5220,80,20,20,5220,80,30,0.0,0.0,6.115,100.0
20,5220,80,0,20,5220,80,10,20,5220,80,20,20,5220,80,30,0.0,0.0,6.115,100.0
20,5220,80,0,20,5220,80,10,20,5220,80,20,20,5220,80,30,0.0,0.0,6.115,100.0
20,5220,80,0,20,5220,80,10,20,5220,80,20,20,5220,80,30,0.0,0.0,6.115,100.0
20,5220,80,0,20,5220,80,10,20,5220,80,20,20,5220,80,30,0.0,0.0,6.115,100.0
20,5220,80,0,20,5220,80,10,20,5220,80,20,20,5220,80,30,0.0,0.0,6.115,100.0
20,5220,80,0,20,5220,80,10,20,5220,80,20,20,5220,80,30,0.0,0.0,6.115,100.0
20,5220,80,0,20,5220,80,10,20,5220,80,20,20,5220,80,30,0.0,0.0,6.115,100.0
20,5220,80,0,20,5220,80,10,20,5220,80,20,20,5220,80,30,0.0,0.0,6.115,100.0
20,5220,80,0,20,5220,80,10,20,5220,80,20,20,5220,80,30,0.0,0.0,6.115,100.0
20,5220,80,0,20,5220,80,10,20,5220,80,20,20,5220,80,30,0.0,0.0,6.115,100.0
20,5220,80,0,20,5220,80,10,20,5220,80,20,20,5220,80,30,0.0,0.0,6.115,100.0
20,5220,80,0,20,5220,80,10,20,5220,80,20,20,5220,80,30,0.0,0.0,6.115,100.0
20,5220,80,0,20,5220,80,10,20,5220,80,20,20,5220,80,30,0.0,0.0,6.115,100.0
20,5220,80,0,20,5220,80,10,20,5220,80,20,20,5220,80,30,0.0,0.0,6.115,100.0
20,5220,80,0,20,5220,80,10,20,5220,80,20,20,5220,80,30,0.0,0.0,6.115,100.0
20,5220,80,0,20,5220,80,10,20,5220,80,20,20,5220,80,30,0.0,0.0,6.115,100.0
20,5220,80,0,20,5220,80,10,20,5220,80,20,20,5220,80,30,0.0,0.0,6.115,100.0
20,5220,80,0,20,5220,80,10,20,5220,80,20,20,5220,80,30,0.0,0.0,6.115,100.0
20,5220,80,0,20,5220,80,10,20,5220,80,20,20,5220,80,30,0.0,0.0,6.115,100.0
20,5220,80,0,20,5220,80,10,20,5220,80,20,20,5220,80,30,0.0,0.0,6.115,100.0
20,5220,80,0,20,5220,80,10,20,5220,80,20,20,5220,80,30,0.0,0.0,6.115,100.0
20,5220,80,0,20,5220,80,10,20,5220,80,20,20,5220,80,30,0.0,0.0,6.115,100.0
20,5220,80,0,20,5220,80,10,20,5220,80,20,20,5220,80,30,0.0,0.0,6.115,100.0
20,5220,80,0,20,5220,80,10,20,5220,80,20,20,5220,80,30,0.0,0.0,6.115,100.0
20,5220,80,0,20,5220,80,10,20,5220,80,20,20,5220,80,30,1.44,11.8,6.067,100.0
20,5220,80,0,20,5220,80,10,20,5220,80,20,20,5220,80,30,1.44,11.8,5.87,92.0
20,5220,80,0,20,5220,80,10,20,5220,80,20,20,5220,80,30,1.44,11.8,5.683,90.0
20,5220,80,0,20,5220,80,10,20,5220,80,20,20,5220,80,30,0.0,0.0,5.683,100.0
20,5220,80,0,20,5220,80,10,20,5220,80,20,20,5220,80,30,0.0,0.0,5.683,100.0
20,5220,80,0,20,5220,80,10,20,5220,80,20,20,5220,80,30,0.0,0.0,5.683,100.0
20,5220,80,0,20,5220,80,10,20,5220,80,20,20,5220,80,30,2.87,23.5,4.997,94.0
20,5220,80,0,20,5220,80,10,20,5220,80,20,20,5220,80,30,0.0,0.0,4.997,100.0
20,5220,80,0,20,5220,80,10,20,5220,80,20,20,5220,80,30,2.87,23.5,4.666,86.0
20,5220,80,0,20,5220,80,10,20,5220,80,20,20,5220,80,30,1.44,11.8,4.518,88.0
20,5220,80,0,20,5220,80,10,20,5220,80,20,20,5220,80,30,2.87,23.5,4.113,82.0
20,5220,80,0,20,5220,80,10,20,5220,80,20,20,5220,80,30,0.0,0.0,4.113,100.0
20,5220,80,0,20,5220,80,10,20,5220,80,20,20,5220,80,30,2.87,23.5,3.885,88.0
20,5220,80,0,20,5220,80,10,20,5220,80,20,20,5220,80,30,2.87,23.5,3.416,80.0
20,5220,80,0,20,5220,80,10,20,5220,80,20,20,5220,80,30,1.44,11.8,3.203,88.0
20,5220,80,0,20,5220,80,10,20,5220,80,20,20,5220,80,30,1.44,11.8,3.199,80.0
20,5220,80,0,20,5220,80,10,20,5220,80,20,20,5220,80,30,1.44,11.8,3.194,83.0
20,5220,80,0,20,5220,80,10,20,5220,80,20,20,5220,80,30,4.31,35.3,2.907,79.0
20,5220,80,0,20,5220,80,10,20,5220,80,20,20,5220,80,30,1.44,11.8,2.726,50.0
20,5220,80,0,20,5220,80,10,20,5220,80,20,20,5220,80,30,4.31,35.3,2.507,77.0
20,5220,80,0,20,5220,80,10,20,5220,80,20,20,5220,80,30,1.44,11.8,2.502,83.0
20,5220,80,0,20,5220,80,10,20,5220,80,20,20,5220,80,30,0.0,0.0,2.502,100.0
20,5220,80,0,20,5220,80,10,20,5220,80,20,20,5220,80,30,1.44,11.8,2.46,95.0
20,5220,80,0,20,5220,80,10,20,5220,80,20,20,5220,80,30,0.0,0.0,2.46,100.0
20,5220,80,0,20,5220,80,10,20,5220,80,20,20,5220,80,30,0.0,0.0,2.46,100.0
20,5220,80,0,20,5220,80,10,20,5220,80,20,20,5220,80,30,1.44,11.8,2.433,96.0
20,5220,80,0,20,5220,80,10,20,5220,80,20,20,5220,80,30,0.0,0.0,2.433,100.0
20,5220,80,0,20,5220,80,10,20,5220,80,20,20,5220,80,30,2.87,23.5,2.293,90.0
20,5220,80,0,20,5220,80,10,20,5220,80,20,20,5220,80,30,1.44,11.8,2.192,86.0
20,5220,80,0,20,5220,80,10,20,5220,80,20,20,5220,80,30,0.0,0.0,2.192,100.0
20,5220,80,0,20,5220,80,10,20,5220,80,20,20,5220,80,30,1.44,11.8,2.612,94.0
20,5220,80,0,20,5220,80,10,20,5220,80,20,20,5220,80,30,1.44,11.8,2.903,89.0
20,5220,80,0,20,5220,80,10,20,5220,80,20,20,5220,80,30,0.0,0.0,2.903,100.0
20,5220,80,0,20,5220,80,10,20,5220,80,20,20,5220,80,30,1.44,11.8,2.726,94.0
20,5220,80,0,20,5220,80,10,20,5220,80,20,20,5220,80,30,2.87,23.5,2.405,71.0
20,5220,80,0,20,5220,80,10,20,5220,80,20,20,5220,80,30,0.0,0.0,2.405,100.0
20,5220,80,0,20,5220,80,10,20,5220,80,20,20,5220,80,30,1.44,11.8,2.397,93.0
20,5220,80,0,20,5220,80,10,20,5220,80,20,20,5220,80,30,0.0,0.0,2.397,100.0
20,5220,80,0,20,5220,80,10,20,5220,80,20,20,5220,80,30,0.0,0.0,2.397,100.0
20,5220,80,0,20,5220,80,10,20,5220,80,20,20,5220,80,30,0.0,0.0,2.397,100.0
20,5220,80,0,20,5220,80,10,20,5220,80,20,20,5220,80,30,0.0,0.0,2.397,100.0
20,5220,80,0,20,5220,80,10,20,5220,80,20,20,5220,80,30,1.44,11.8,2.25,97.0
20,5220,80,0,20,5220,80,10,20,5220,80,20,20,5220,80,30,1.44,11.8,2.114,93.0
20,5220,80,0,20,5220,80,10,20,5220,80,20,20,5220,80,30,0.0,0.0,2.114,100.0
20,5220,80,0,20,5220,80,10,20,5220,80,20,20,5220,80,30,0.0,0.0,2.114,100.0
20,5220,80,0,20,5220,80,10,20,5220,80,20,20,5220,80,30,0.0,0.0,2.114,100.0
20,5220,80,0,20,5220,80,10,20,5220,80,20,20,5220,80,30,0.0,0.0,2.114,100.0
20,5220,80,0,20,5220,80,10,20,5220,80,20,20,5220,80,30,0.0,0.0,2.114,100.0
20,5220,80,0,20,5220,80,10,20,5220,80,20,20,5220,80,30,0.0,0.0,2.114,100.0
20,5220,80,0,20,5220,80,10,20,5220,80,20,20,5220,80,30,0.0,0.0,2.114,100.0
20,5220,80,0,20,5220,80,10,20,5220,80,20,20,5220,80,30,0.0,0.0,2.114,100.0
20,5220,80,0,20,5220,80,10,20,5220,80,20,20,5220,80,30,0.0,0.0,2.114,100.0
20,5220,80,0,20,5220,80,10,20,5220,80,20,20,5220,80,30,0.0,0.0,2.114,100.0
20,5220,80,0,20,5220,80,10,20,5220,80,20,20,5220,80,30,0.0,0.0,2.114,100.0
20,5220,80,0,20,5220,80,10,20,5220,80,20,20,5220,80,30,0.0,0.0,2.114,100.0
20,5220,80,0,20,5220,80,10,20,5220,80,20,20,5220,80,30,0.0,0.0,2.114,100.0
20,5220,80,0,20,5220,80,10,20,5220,80,20,20,5220,80,30,0.0,0.0,2.114,100.0
20,5220,80,0,20,5220,80,10,20,5220,80,20,20,5220,80,30,2.87,23.5,2.025,98.0
20,5220,80,0,20,5220,80,10,20,5220,80,20,20,5220,80,30,2.87,23.5,1.945,75.0
20,5220,80,0,20,5220,80,10,20,5220,80,20,20,5220,80,30,1.44,11.8,1.825,90.0
20,5220,80,0,20,5220,80,10,20,5220,80,20,20,5220,80,30,1.44,11.8,1.712,80.0
20,5220,80,0,20,5220,80,10,20,5220,80,20,20,5220,80,30,0.0,0.0,1.712,100.0
20,5220,80,0,20,5220,80,10,20,5220,80,20,20,5220,80,30,2.87,23.5,1.794,88.0
20,5220,80,0,20,5220,80,10,20,5220,80,20,20,5220,80,30,1.44,11.8,1.842,86.0
20,5220,80,0,20,5220,80,10,20,5220,80,20,20,5220,80,30,4.31,35.3,1.669,79.0
20,5220,80,0,20,5220,80,10,20,5220,80,20,20,5220,80,30,1.44,11.8,1.593,75.0
20,5220,80,0,20,5220,80,10,20,5220,80,20,20,5220,80,30,2.87,23.5,1.727,83.0
20,5220,80,0,20,5220,80,10,20,5220,80,20,20,5220,80,30,4.31,35.3,1.57,67.0
20,5220,80,0,20,5220,80,10,20,5220,80,20,20,5220,80,30,1.44,11.8,1.618,86.0
20,5220,80,0,20,5220,80,10,20,5220,80,20,20,5220,80,30,2.87,23.5,1.615,80.0
20,5220,80,0,20,5220,80,10,20,5220,80,20,20,5220,80,30,4.31,35.3,1.51,62.0
20,5220,80,0,20,5220,80,10,20,5220,80,20,20,5220,80,30,2.87,23.5,1.333,75.0
20,5220,80,0,20,5220,80,10,20,5220,80,20,20,5220,80,30,1.44,11.8,1.256,90.0
20,5220,80,0,20,5220,80,10,20,5220,80,20,20,5220,80,30,4.31,35.3,1.043,62.0
20,5220,80,0,20,5220,80,10,20,5220,80,20,20,5220,80,30,0.0,0.0,1.043,100.0
20,5220,80,0,20,5220,80,10,20,5220,80,20,20,5220,80,30,2.87,23.5,0.923,86.0
20,5220,80,0,20,5220,80,10,20,5220,80,20,20,5220,80,30,7.18,58.8,0.732,58.0
20,5220,80,0,20,5220,80,10,20,5220,80,20,20,5220,80,30,1.44,11.8,0.686,0.0
20,5220,80,0,20,5220,80,10,20,5220,80,20,20,5220,80,30,7.18,58.8,0.566,69.0
20,5220,80,0,20,5220,80,10,20,5220,80,20,20,5220,80,30,7.18,58.8,0.538,17.0
20,5220,80,0,20,5220,80,10,20,5220,80,20,20,5220,80,30,5.74,47.0,0.739,33.0
20,5220,80,0,20,5220,80,10,20,5220,80,20,20,5220,80,30,10.0,82.3,0.578,46.0
20,5220,80,0,20,5220,80,10,20,5220,80,20,20,5220,80,30,5.74,47.0,0.57,50.0
20,5220,80,0,20,5220,80,10,20,5220,80,20,20,5220,80,30,8.61,70.6,0.426,25.0
20,5220,80,0,20,5220,80,10,20,5220,80,20,20,5220,80,30,7.18,58.8,0.41,50.0
20,5220,80,0,20,5220,80,10,20,5220,80,20,20,5220,80,30,8.61,70.6,0.709,25.0
20,5220,80,0,20,5220,80,10,20,5220,80,20,20,5220,80,30,8.61,70.6,0.549,33.0
20,5220,80,0,20,5220,80,10,20,5220,80,20,20,5220,80,30,5.74,47.0,0.569,50.0
20,5220,80,0,20,5220,80,10,20,5220,80,20,20,5220,80,30,4.31,35.3,0.533,0.0
20,5220,80,0,20,5220,80,10,20,5220,80,20,20,5220,80,30,0.0,0.0,0.533,100.0
20,5220,80,0,20,5220,80,10,20,5220,80,20,20,5220,80,30,0.0,0.0,0.533,100.0
20,5220,80,0,20,5220,80,10,20,5220,80,20,20,5220,80,30,0.0,0.0,0.533,100.0
20,5220,80,0,20,5220,80,10,20,5220,80,20,20,5220,80,30,0.0,0.0,0.533,100.0
20,5220,80,0,20,5220,80,10,20,5220,80,20,20,5220,80,30,1.44,11.8,0.663,98.0
20,5220,80,0,20,5220,80,10,20,5220,80,20,20,5220,80,30,2.87,23.5,0.744,82.0
20,5220,80,0,20,5220,80,10,20,5220,80,20,20,5220,80,30,0.0,0.0,0.744,100.0
20,5220,80,0,20,5220,80,10,20,5220,80,20,20,5220,80,30,0.0,0.0,0.744,100.0
20,5220,80,0,20,5220,80,10,20,5220,80,20,20,5220,80,30,0.0,0.0,0.744,100.0
20,5220,80,0,20,5220,80,10,20,5220,80,20,20,5220,80,30,0.0,0.0,0.744,100.0
20,5220,80,0,20,5220,80,10,20,5220,80,20,20,5220,80,30,0.0,0.0,0.744,100.0
20,5220,80,0,20,5220,80,10,20,5220,80,20,20,5220,80,30,0.0,0.0,0.744,100.0
20,5220,80,0,20,5220,80,10,20,5220,80,20,20,5220,80,30,0.0,0.0,0.744,100.0
20,5220,80,0,20,5220,80,10,20,5220,80,20,20,5220,80,30,5.74,47.0,0.964,94.0
20,5220,80,0,20,5220,80,10,20,5220,80,20,20,5220,80,30,2.87,23.5,0.976,75.0
20,5220,80,0,20,5220,80,10,20,5220,80,20,20,5220,80,30,0.0,0.0,0.976,100.0
20,5220,80,0,20,5220,80,10,20,5220,80,20,20,5220,80,30,10.0,82.3,166.029,56.0
20,5220,80,0,20,5220,80,10,20,5220,80,20,20,5220,80,30,7.18,58.8,135.617,55.0
20,5220,80,0,20,5220,80,10,20,5220,80,20,20,5220,80,30,0.0,0.0,135.617,100.0
20,5220,80,0,20,5220,80,10,20,5220,80,20,20,5220,80,30,2.87,23.5,119.275,88.0
20,5220,80,0,20,5220,80,10,20,5220,80,20,20,5220,80,30,4.31,35.3,98.288,62.0
20,5220,80,0,20,5220,80,10,20,5220,80,20,20,5220,80,30,7.18,58.8,71.882,38.0
20,5220,80,0,20,5220,80,10,20,5220,80,20,20,5220,80,30,2.87,23.5,63.179,78.0
20,5220,80,0,20,5220,80,10,20,5220,80,20,20,5220,80,30,7.18,58.8,45.773,29.0
20,5220,80,0,20,5220,80,10,20,5220,80,20,20,5220,80,30,4.31,35.3,37.722,70.0
20,5220,80,0,20,5220,80,10,20,5220,80,20,20,5220,80,30,4.31,35.3,31.089,57.0
20,5220,80,0,20,5220,80,10,20,5220,80,20,20,5220,80,30,5.74,47.0,24.092,50.0
20,5220,80,0,20,5220,80,10,20,5220,80,20,20,5220,80,30,2.87,23.5,21.179,80.0
20,5220,80,0,20,5220,80,10,20,5220,80,20,20,5220,80,30,2.87,23.5,18.683,75.0
20,5220,80,0,20,5220,80,10,20,5220,80,20,20,5220,80,30,4.31,35.3,15.673,67.0
20,5220,80,0,20,5220,80,10,20,5220,80,20,20,5220,80,30,1.44,11.8,14.696,75.0
20,5220,80,0,20,5220,80,10,20,5220,80,20,20,5220,80,30,1.44,11.8,13.779,86.0
20,5220,80,0,20,5220,80,10,20,5220,80,20,20,5220,80,30,1.44,11.8,13.062,91.0
20,5220,80,0,20,5220,80,10,20,5220,80,20,20,5220,80,30,0.0,0.0,13.062,100.0
20,5220,80,0,20,5220,80,10,20,5220,80,20,20,5220,80,30,5.74,47.0,10.582,79.0
20,5220,80,0,20,5220,80,10,20,5220,80,20,20,5220,80,30,2.87,23.5,9.321,71.0
20,5220,80,0,20,5220,80,10,20,5220,80,20,20,5220,80,30,1.44,11.8,8.87,92.0
20,5220,80,0,20,5220,80,10,20,5220,80,20,20,5220,80,30,7.18,58.8,7.075,44.0
20,5220,80,0,20,5220,80,10,20,5220,80,20,20,5220,80,30,2.87,23.5,6.496,75.0
20,5220,80,0,20,5220,80,10,20,5220,80,20,20,5220,80,30,8.61,70.6,4.526,33.0
20,5220,80,0,20,5220,80,10,20,5220,80,20,20,5220,80,30,11.5,94.1,3.095,0.0
20,5220,80,0,20,5220,80,10,20,5220,80,20,20,5220,80,30,10.0,82.3,3.071,22.0
20,5220,80,0,20,5220,80,10,20,5220,80,20,20,5220,80,30,8.61,70.6,2.765,25.0
20,5220,80,0,20,5220,80,10,20,5220,80,20,20,5220,80,30,8.61,70.6,3.212,33.0
20,5220,80,0,20,5220,80,10,20,5220,80,20,20,5220,80,30,7.18,58.8,2.471,38.0
20,5220,80,0,20,5220,80,10,20,5220,80,20,20,5220,80,30,12.9,106.0,3.213,0.0
20,5220,80,0,20,5220,80,10,20,5220,80,20,20,5220,80,30,8.61,70.6,2.342,25.0
20,5220,80,0,20,5220,80,10,20,5220,80,20,20,5220,80,30,11.5,94.1,2.383,11.0
20,5220,80,0,20,5220,80,10,20,5220,80,20,20,5220,80,30,7.18,58.8,2.474,29.0
20,5220,80,0,20,5220,80,10,20,5220,80,20,20,5220,80,30,5.74,47.0,2.581,60.0
20,5220,80,0,20,5220,80,10,20,5220,80,20,20,5220,80,30,8.61,70.6,2.515,25.0
20,5220,80,0,20,5220,80,10,20,5220,80,20,20,5220,80,30,8.61,70.6,2.323,33.0
20,5220,80,0,20,5220,80,10,20,5220,80,20,20,5220,80,30,10.0,82.3,1.892,12.0
20,5220,80,0,20,5220,80,10,20,5220,80,20,20,5220,80,30,12.9,106.0,2.036,0.0
20,5220,80,0,20,5220,80,10,20,5220,80,20,20,5220,80,30,11.5,94.1,2.007,0.0
20,5220,80,0,20,5220,80,10,20,5220,80,20,20,5220,80,30,7.18,58.8,2.432,44.0
20,5220,80,0,20,5220,80,10,20,5220,80,20,20,5220,80,30,10.0,82.3,3.687,12.0
20,5220,80,0,20,5220,80,10,20,5220,80,20,20,5220,80,30,8.61,70.6,3.609,33.0
20,5220,80,0,20,5220,80,10,20,5220,80,20,20,5220,80,30,10.0,82.3,3.443,12.0
20,5220,80,0,20,5220,80,10,20,5220,80,20,20,5220,80,30,10.0,82.3,2.772,12.0
20,5220,80,0,20,5220,80,10,20,5220,80,20,20,5220,80,30,10.0,82.3,2.415,22.0
20,5220,80,0,20,5220,80,10,20,5220,80,20,20,5220,80,30,8.61,70.6,2.188,25.0
20,5220,80,0,20,5220,80,10,20,5220,80,20,20,5220,80,30,8.61,70.6,2.886,33.0
20,5220,80,0,20,5220,80,10,20,5220,80,20,20,5220,80,30,8.61,70.6,2.436,33.0
20,5220,80,0,20,5220,80,10,20,5220,80,20,20,5220,80,30,5.74,47.0,2.196,43.0
20,5220,80,0,20,5220,80,10,20,5220,80,20,20,5220,80,30,7.18,58.8,1.938,38.0
20,5220,80,0,20,5220,80,10,20,5220,80,20,20,5220,80,30,10.0,82.3,2.051,30.0
20,5220,80,0,20,5220,80,10,20,5220,80,20,20,5220,80,30,8.61,70.6,2.049,33.0
20,5220,80,0,20,5220,80,10,20,5220,80,20,20,5220,80,30,5.74,47.0,3.398,43.0
20,5220,80,0,20,5220,80,10,20,5220,80,20,20,5220,80,30,8.61,70.6,2.886,40.0
20,5220,80,0,20,5220,80,10,20,5220,80,20,20,5220,80,30,7.18,58.8,2.879,29.0
20,5220,80,0,20,5220,80,10,20,5220,80,20,20,5220,80,30,8.61,70.6,2.439,33.0
20,5220,80,0,20,5220,80,10,20,5220,80,20,20,5220,80,30,8.61,70.6,2.474,25.0
20,5220,80,0,20,5220,80,10,20,5220,80,20,20,5220,80,30,5.74,47.0,2.86,60.0
20,5220,80,0,20,5220,80,10,20,5220,80,20,20,5220,80,30,7.18,58.8,2.599,29.0
20,5220,80,0,20,5220,80,10,20,5220,80,20,20,5220,80,30,8.61,70.6,2.624,40.0
20,5220,80,0,20,5220,80,10,20,5220,80,20,20,5220,80,30,5.74,47.0,2.273,50.0
20,5220,80,0,20,5220,80,10,20,5220,80,20,20,5220,80,30,10.0,82.3,2.226,22.0
20,5220,80,0,20,5220,80,10,20,5220,80,20,20,5220,80,30,5.74,47.0,2.428,50.0
20,5220,80,0,20,5220,80,10,20,5220,80,20,20,5220,80,30,12.9,106.0,1.767,0.0
20,5220,80,0,20,5220,80,10,20,5220,80,20,20,5220,80,30,10.0,82.3,1.858,12.0
20,5220,80,0,20,5220,80,10,20,5220,80,20,20,5220,80,30,8.61,70.6,1.642,33.0
20,5220,80,0,20,5220,80,10,20,5220,80,20,20,5220,80,30,7.18,58.8,1.373,38.0
20,5220,80,0,20,5220,80,10,20,5220,80,20,20,5220,80,30,5.74,47.0,1.385,43.0
20,5220,80,0,20,5220,80,10,20,5220,80,20,20,5220,80,30,7.18,58.8,1.038,44.0
20,5220,80,0,20,5220,80,10,20,5220,80,20,20,5220,80,30,10.0,82.3,0.921,30.0
20,5220,80,0,20,5220,80,10,20,5220,80,20,20,5220,80,30,11.5,94.1,0.991,0.0
20,5220,80,0,20,5220,80,10,20,5220,80,20,20,5220,80,30,12.9,106.0,0.976,0.0
20,5220,80,0,20,5220,80,10,20,5220,80,20,20,5220,80,30,11.5,94.1,1.165,0.0
20,5220,80,0,20,5220,80,10,20,5220,80,20,20,5220,80,30,12.9,106.0,1.066,0.0
20,5220,80,0,20,5220,80,10,20,5220,80,20,20,5220,80,30,8.61,70.6,1.223,25.0
20,5220,80,0,20,5220,80,10,20,5220,80,20,20,5220,80,30,12.9,106.0,1.241,0.0
20,5220,80,0,20,5220,80,10,20,5220,80,20,20,5220,80,30,8.61,70.6,1.004,25.0
20,5220,80,0,20,5220,80,10,20,5220,80,20,20,5220,80,30,8.61,70.6,0.959,33.0
20,5220,80,0,20,5220,80,10,20,5220,80,20,20,5220,80,30,11.5,94.1,1.151,0.0
20,5220,80,0,20,5220,80,10,20,5220,80,20,20,5220,80,30,11.5,94.1,1.066,11.0
20,5220,80,0,20,5220,80,10,20,5220,80,20,20,5220,80,30,8.61,70.6,1.81,25.0
20,5220,80,0,20,5220,80,10,20,5220,80,20,20,5220,80,30,11.5,94.1,1.225,11.0
20,5220,80,0,20,5220,80,10,20,5220,80,20,20,5220,80,30,10.0,82.3,1.033,12.0
20,5220,80,0,20,5220,80,10,20,5220,80,20,20,5220,80,30,11.5,94.1,0.861,11.0
20,5220,80,0,20,5220,80,10,20,5220,80,20,20,5220,80,30,11.5,94.1,0.852,0.0
20,5220,80,0,20,5220,80,10,20,5220,80,20,20,5220,80,30,11.5,94.1,1.152,11.0
20,5220,80,0,20,5220,80,10,20,5220,80,20,20,5220,80,30,10.0,82.3,1.268,12.0
20,5220,80,0,20,5220,80,10,20,5220,80,20,20,5220,80,30,12.9,106.0,0.973,0.0
20,5220,80,0,20,5220,80,10,20,5220,80,20,20,5220,80,30,11.5,94.1,0.828,0.0
20,5220,80,0,20,5220,80,10,20,5220,80,20,20,5220,80,30,10.0,82.3,0.954,22.0
20,5220,80,0,20,5220,80,10,20,5220,80,20,20,5220,80,30,11.5,94.1,1.079,0.0
20,5220,80,0,20,5220,80,10,20,5220,80,20,20,5220,80,30,11.5,94.1,0.968,11.0
20,5220,80,0,20,5220,80,10,20,5220,80,20,20,5220,80,30,8.61,70.6,0.732,25.0
20,5220,80,0,20,5220,80,10,20,5220,80,20,20,5220,80,30,11.5,94.1,0.753,11.0
20,5220,80,0,20,5220,80,10,20,5220,80,20,20,5220,80,30,8.61,70.6,2.012,25.0
20,5220,80,0,20,5220,80,10,20,5220,80,20,20,5220,80,30,8.61,70.6,2.514,33.0
20,5220,80,0,20,5220,80,10,20,5220,80,20,20,5220,80,30,11.5,94.1,2.091,0.0
20,5220,80,0,20,5220,80,10,20,5220,80,20,20,5220,80,30,11.5,94.1,1.568,11.0
20,5220,80,0,20,5220,80,10,20,5220,80,20,20,5220,80,30,10.0,82.3,1.235,22.0
20,5220,80,0,20,5220,80,10,20,5220,80,20,20,5220,80,30,10.0,82.3,1.264,0.0
20,5220,80,0,20,5220,80,10,20,5220,80,20,20,5220,80,30,11.5,94.1,1.282,20.0
20,5220,80,0,20,5220,80,10,20,5220,80,20,20,5220,80,30,10.0,82.3,1.251,12.0
20,5220,80,0,20,5220,80,10,20,5220,80,20,20,5220,80,30,10.0,82.3,0.963,12.0
20,5220,80,0,20,5220,80,10,20,5220,80,20,20,5220,80,30,12.9,106.0,1.157,0.0
20,5220,80,0,20,5220,80,10,20,5220,80,20,20,5220,80,30,12.9,106.0,1.198,0.0
20,5220,80,0,20,5220,80,10,20,5220,80,20,20,5220,80,30,10.0,82.3,1.532,12.0
20,5220,80,0,20,5220,80,10,20,5220,80,20,20,5220,80,30,12.9,106.0,1.196,0.0
20,5220,80,0,20,5220,80,10,20,5220,80,20,20,5220,80,30,11.5,94.1,1.39,0.0
20,5220,80,0,20,5220,80,10,20,5220,80,20,20,5220,80,30,12.9,106.0,1.143,0.0
20,5220,80,0,20,5220,80,10,20,5220,80,20,20,5220,80,30,11.5,94.1,1.392,0.0
20,5220,80,0,20,5220,80,10,20,5220,80,20,20,5220,80,30,11.5,94.1,1.181,11.0
20,5220,80,0,20,5220,80,10,20,5220,80,20,20,5220,80,30,11.5,94.1,0.81,0.0
20,5220,80,0,20,5220,80,10,20,5220,80,20,20,5220,80,30,12.9,106.0,1.473,0.0
20,5220,80,0,20,5220,80,10,20,5220,80,20,20,5220,80,30,11.5,94.1,1.766,0.0
20,5220,80,0,20,5220,80,10,20,5220,80,20,20,5220,80,30,8.61,70.6,1.545,14.0
20,5220,80,0,20,5220,80,10,20,5220,80,20,20,5220,80,30,8.61,70.6,2.016,40.0
20,5220,80,0,20,5220,80,10,20,5220,80,20,20,5220,80,30,10.0,82.3,1.816,22.0
20,5220,80,0,20,5220,80,10,20,5220,80,20,20,5220,80,30,10.0,82.3,2.236,12.0
20,5220,80,0,20,5220,80,10,20,5220,80,20,20,5220,80,30,12.9,106.0,2.291,0.0
20,5220,80,0,20,5220,80,10,20,5220,80,20,20,5220,80,30,7.18,58.8,2.217,29.0
20,5220,80,0,20,5220,80,10,20,5220,80,20,20,5220,80,30,10.0,82.3,1.878,30.0
20,5220,80,0,20,5220,80,10,20,5220,80,20,20,5220,80,30,10.0,82.3,1.408,12.0
20,5220,80,0,20,5220,80,10,20,5220,80,20,20,5220,80,30,12.9,106.0,1.734,0.0
20,5220,80,0,20,5220,80,10,20,5220,80,20,20,5220,80,30,8.61,70.6,1.533,25.0
20,5220,80,0,20,5220,80,10,20,5220,80,20,20,5220,80,30,11.5,94.1,1.513,11.0
20,5220,80,0,20,5220,80,10,20,5220,80,20,20,5220,80,30,10.0,82.3,1.069,0.0
20,5220,80,0,20,5220,80,10,20,5220,80,20,20,5220,80,30,12.9,106.0,0.923,10.0
20,5220,80,0,20,5220,80,10,20,5220,80,20,20,5220,80,30,11.5,94.1,1.052,0.0
20,5220,80,0,20,5220,80,10,20,5220,80,20,20,5220,80,30,12.9,106.0,1.772,0.0
20,5220,80,0,20,5220,80,10,20,5220,80,20,20,5220,80,30,10.0,82.3,1.46,12.0
20,5220,80,0,20,5220,80,10,20,5220,80,20,20,5220,80,30,11.5,94.1,1.683,11.0
20,5220,80,0,20,5220,80,10,20,5220,80,20,20,5220,80,30,11.5,94.1,1.359,0.0
20,5220,80,0,20,5220,80,10,20,5220,80,20,20,5220,80,30,12.9,106.0,1.934,0.0
20,5220,80,0,20,5220,80,10,20,5220,80,20,20,5220,80,30,10.0,82.3,1.829,12.0
20,5220,80,0,20,5220,80,10,20,5220,80,20,20,5220,80,30,10.0,82.3,2.265,22.0
20,5220,80,0,20,5220,80,10,20,5220,80,20,20,5220,80,30,8.61,70.6,1.701,25.0
20,5220,80,0,20,5220,80,10,20,5220,80,20,20,5220,80,30,12.9,106.0,1.857,0.0
20,5220,80,0,20,5220,80,10,20,5220,80,20,20,5220,80,30,10.0,82.3,1.766,0.0
20,5220,80,0,20,5220,80,10,20,5220,80,20,20,5220,80,30,8.61,70.6,1.792,40.0
20,5220,80,0,20,5220,80,10,20,5220,80,20,20,5220,80,30,10.0,82.3,1.498,12.0
20,5220,80,0,20,5220,80,10,20,5220,80,20,20,5220,80,30,10.0,82.3,1.274,22.0
20,5220,80,0,20,5220,80,10,20,5220,80,20,20,5220,80,30,11.5,94.1,0.94,0.0
20,5220,80,0,20,5220,80,10,20,5220,80,20,20,5220,80,30,10.0,82.3,1.057,22.0
20,5220,80,0,20,5220,80,10,20,5220,80,20,20,5220,80,30,10.0,82.3,1.221,12.0
20,5220,80,0,20,5220,80,10,20,5220,80,20,20,5220,80,30,12.9,106.0,1.29,0.0
20,5220,80,0,20,5220,80,10,20,5220,80,20,20,5220,80,30,8.61,70.6,1.068,25.0
20,5220,80,0,20,5220,80,10,20,5220,80,20,20,5220,80,30,12.9,106.0,1.245,0.0
20,5220,80,0,20,5220,80,10,20,5220,80,20,20,5220,80,30,8.61,70.6,1.312,14.0
20,5220,80,0,20,5220,80,10,20,5220,80,20,20,5220,80,30,11.5,94.1,0.963,20.0
20,5220,80,0,20,5220,80,10,20,5220,80,20,20,5220,80,30,10.0,82.3,1.245,12.0
20,5220,80,0,20,5220,80,10,20,5220,80,20,20,5220,80,30,12.9,106.0,1.831,0.0
20,5220,80,0,20,5220,80,10,20,5220,80,20,20,5220,80,30,11.5,94.1,1.419,0.0
20,5220,80,0,20,5220,80,10,20,5220,80,20,20,5220,80,30,10.0,82.3,1.364,22.0
20,5220,80,0,20,5220,80,10,20,5220,80,20,20,5220,80,30,11.5,94.1,1.057,0.0
20,5220,80,0,20,5220,80,10,20,5220,80,20,20,5220,80,30,12.9,106.0,1.392,0.0
20,5220,80,0,20,5220,80,10,20,5220,80,20,20,5220,80,30,8.61,70.6,1.49,25.0
20,5220,80,0,20,5220,80,10,20,5220,80,20,20,5220,80,30,11.5,94.1,1.182,0.0
20,5220,80,0,20,5220,80,10,20,5220,80,20,20,5220,80,30,8.61,70.6,1.34,33.0
20,5220,80,0,20,5220,80,10,20,5220,80,20,20,5220,80,30,11.5,94.1,1.339,11.0
20,5220,80,0,20,5220,80,10,20,5220,80,20,20,5220,80,30,11.5,94.1,1.572,0.0
20,5220,80,0,20,5220,80,10,20,5220,80,20,20,5220,80,30,11.5,94.1,1.206,11.0
20,5220,80,0,20,5220,80,10,20,5220,80,20,20,5220,80,30,10.0,82.3,0.847,12.0
20,5220,80,0,20,5220,80,10,20,5220,80,20,20,5220,80,30,12.9,106.0,1.723,0.0
20,5220,80,0,20,5220,80,10,20,5220,80,20,20,5220,80,30,8.61,70.6,1.399,25.0
20,5220,80,0,20,5220,80,10,20,5220,80,20,20,5220,80,30,11.5,94.1,1.0,11.0
20,5220,80,0,20,5220,80,10,20,5220,80,20,20,5220,80,30,8.61,70.6,0.996,14.0
20,5220,80,0,20,5220,80,10,20,5220,80,20,20,5220,80,30,12.9,106.0,1.589,10.0
20,5220,80,0,20,5220,80,10,20,5220,80,20,20,5220,80,30,11.5,94.1,1.071,0.0
20,5220,80,0,20,5220,80,10,20,5220,80,20,20,5220,80,30,11.5,94.1,0.881,0.0
20,5220,80,0,20,5220,80,10,20,5220,80,20,20,5220,80,30,11.5,94.1,0.857,11.0
20,5220,80,0,20,5220,80,10,20,5220,80,20,20,5220,80,30,12.9,106.0,1.055,0.0
20,5220,80,0,20,5220,80,10,20,5220,80,20,20,5220,80,30,11.5,94.1,1.015,0.0
20,5220,80,0,20,5220,80,10,20,5220,80,20,20,5220,80,30,12.9,106.0,0.796,0.0
20,5220,80,0,20,5220,80,10,20,5220,80,20,20,5220,80,30,11.5,94.1,1.094,0.0
20,5220,80,0,20,5220,80,10,20,5220,80,20,20,5220,80,30,11.5,94.1,1.598,11.0
20,5220,80,0,20,5220,80,10,20,5220,80,20,20,5220,80,30,7.18,58.8,1.241,38.0
20,5220,80,0,20,5220,80,10,20,5220,80,20,20,5220,80,30,8.61,70.6,1.125,33.0
20,5220,80,0,20,5220,80,10,20,5220,80,20,20,5220,80,30,10.0,82.3,1.344,12.0
20,5220,80,0,20,5220,80,10,20,5220,80,20,20,5220,80,30,8.61,70.6,1.138,25.0
20,5220,80,0,20,5220,80,10,20,5220,80,20,20,5220,80,30,10.0,82.3,1.431,22.0
20,5220,80,0,20,5220,80,10,20,5220,80,20,20,5220,80,30,10.0,82.3,1.582,22.0
20,5220,80,0,20,5220,80,10,20,5220,80,20,20,5220,80,30,10.0,82.3,2.48,12.0
20,5220,80,0,20,5220,80,10,20,5220,80,20,20,5220,80,30,10.0,82.3,2.51,12.0
20,5220,80,0,20,5220,80,10,20,5220,80,20,20,5220,80,30,10.0,82.3,2.239,22.0
20,5220,80,0,20,5220,80,10,20,5220,80,20,20,5220,80,30,10.0,82.3,2.461,22.0
20,5220,80,0,20,5220,80,10,20,5220,80,20,20,5220,80,30,11.5,94.1,2.327,0.0
20,5220,80,0,20,5220,80,10,20,5220,80,20,20,5220,80,30,12.9,106.0,2.48,0.0
20,5220,80,0,20,5220,80,10,20,5220,80,20,20,5220,80,30,8.61,70.6,2.026,25.0
20,5220,80,0,20,5220,80,10,20,5220,80,20,20,5220,80,30,12.9,106.0,2.13,0.0
20,5220,80,0,20,5220,80,10,20,5220,80,20,20,5220,80,30,11.5,94.1,2.084,0.0
20,5220,80,0,20,5220,80,10,20,5220,80,20,20,5220,80,30,11.5,94.1,1.459,11.0
20,5220,80,0,20,5220,80,10,20,5220,80,20,20,5220,80,30,11.5,94.1,1.188,0.0
20,5220,80,0,20,5220,80,10,20,5220,80,20,20,5220,80,30,12.9,106.0,1.141,0.0
20,5220,80,0,20,5220,80,10,20,5220,80,20,20,5220,80,30,10.0,82.3,1.15,12.0
20,5220,80,0,20,5220,80,10,20,5220,80,20,20,5220,80,30,11.5,94.1,1.557,0.0
20,5220,80,0,20,5220,80,10,20,5220,80,20,20,5220,80,30,8.61,70.6,1.552,33.0
20,5220,80,0,20,5220,80,10,20,5220,80,20,20,5220,80,30,8.61,70.6,1.889,33.0
20,5220,80,0,20,5220,80,10,20,5220,80,20,20,5220,80,30,7.18,58.8,2.182,38.0
20,5220,80,0,20,5220,80,10,20,5220,80,20,20,5220,80,30,10.0,82.3,2.006,22.0
20,5220,80,0,20,5220,80,10,20,5220,80,20,20,5220,80,30,10.0,82.3,1.792,12.0
20,5220,80,0,20,5220,80,10,20,5220,80,20,20,5220,80,30,11.5,94.1,1.997,11.0
20,5220,80,0,20,5220,80,10,20,5220,80,20,20,5220,80,30,10.0,82.3,2.44,12.0
20,5220,80,0,20,5220,80,10,20,5220,80,20,20,5220,80,30,11.5,94.1,1.939,0.0
20,5220,80,0,20,5220,80,10,20,5220,80,20,20,5220,80,30,10.0,82.3,2.064,22.0
20,5220,80,0,20,5220,80,10,20,5220,80,20,20,5220,80,30,8.61,70.6,2.471,33.0
20,5220,80,0,20,5220,80,10,20,5220,80,20,20,5220,80,30,11.5,94.1,2.894,0.0
20,5220,80,0,20,5220,80,10,20,5220,80,20,20,5220,80,30,8.61,70.6,3.402,33.0
20,5220,80,0,20,5220,80,10,20,5220,80,20,20,5220,80,30,10.0,82.3,2.961,0.0
20,5220,80,0,20,5220,80,10,20,5220,80,20,20,5220,80,30,12.9,106.0,2.145,10.0
20,5220,80,0,20,5220,80,10,20,5220,80,20,20,5220,80,30,8.61,70.6,2.106,25.0
20,5220,80,0,20,5220,80,10,20,5220,80,20,20,5220,80,30,11.5,94.1,2.014,11.0
20,5220,80,0,20,5220,80,10,20,5220,80,20,20,5220,80,30,11.5,94.1,1.716,0.0
20,5220,80,0,20,5220,80,10,20,5220,80,20,20,5220,80,30,11.5,94.1,1.683,11.0
20,5220,80,0,20,5220,80,10,20,5220,80,20,20,5220,80,30,10.0,82.3,1.519,12.0
20,5220,80,0,20,5220,80,10,20,5220,80,20,20,5220,80,30,11.5,94.1,2.154,11.0
20,5220,80,0,20,5220,80,10,20,5220,80,20,20,5220,80,30,11.5,94.1,1.654,0.0
20,5220,80,0,20,5220,80,10,20,5220,80,20,20,5220,80,30,11.5,94.1,1.635,11.0
20,5220,80,0,20,5220,80,10,20,5220,80,20,20,5220,80,30,10.0,82.3,1.753,12.0
20,5220,80,0,20,5220,80,10,20,5220,80,20,20,5220,80,30,11.5,94.1,2.083,11.0
20,5220,80,0,20,5220,80,10,20,5220,80,20,20,5220,80,30,7.18,58.8,2.532,38.0
20,5220,80,0,20,5220,80,10,20,5220,80,20,20,5220,80,30,8.61,70.6,2.573,25.0
20,5220,80,0,20,5220,80,10,20,5220,80,20,20,5220,80,30,10.0,82.3,3.086,22.0
20,5220,80,0,20,5220,80,10,20,5220,80,20,20,5220,80,30,12.9,106.0,3.615,0.0
20,5220,80,0,20,5220,80,10,20,5220,80,20,20,5220,80,30,10.0,82.3,2.846,12.0
20,5220,80,0,20,5220,80,10,20,5220,80,20,20,5220,80,30,8.61,70.6,2.479,14.0
20,5220,80,0,20,5220,80,10,20,5220,80,20,20,5220,80,30,10.0,82.3,2.9,30.0
20,5220,80,0,20,5220,80,10,20,5220,80,20,20,5220,80,30,11.5,94.1,2.459,11.0
20,5220,80,0,20,5220,80,10,20,5220,80,20,20,5220,80,30,7.18,58.8,2.879,29.0
20,5220,80,0,20,5220,80,10,20,5220,80,20,20,5220,80,30,8.61,70.6,2.38,40.0
20,5220,80,0,20,5220,80,10,20,5220,80,20,20,5220,80,30,10.0,82.3,2.756,12.0
20,5220,80,0,20,5220,80,10,20,5220,80,20,20,5220,80,30,10.0,82.3,2.25,12.0
20,5220,80,0,20,5220,80,10,20,5220,80,20,20,5220,80,30,10.0,82.3,1.564,22.0
20,5220,80,0,20,5220,80,10,20,5220,80,20,20,5220,80,30,10.0,82.3,1.742,0.0
20,5220,80,0,20,5220,80,10,20,5220,80,20,20,5220,80,30,8.61,70.6,1.838,40.0
20,5220,80,0,20,5220,80,10,20,5220,80,20,20,5220,80,30,8.61,70.6,1.866,33.0
20,5220,80,0,20,5220,80,10,20,5220,80,20,20,5220,80,30,8.61,70.6,2.5,25.0
20,5220,80,0,20,5220,80,10,20,5220,80,20,20,5220,80,30,11.5,94.1,2.016,0.0
20,5220,80,0,20,5220,80,10,20,5220,80,20,20,5220,80,30,5.74,47.0,1.754,20.0
20,5220,80,0,20,5220,80,10,20,5220,80,20,20,5220,80,30,8.61,70.6,1.933,54.0
20,5220,80,0,20,5220,80,10,20,5220,80,20,20,5220,80,30,8.61,70.6,1.596,25.0
20,5220,80,0,20,5220,80,10,20,5220,80,20,20,5220,80,30,10.0,82.3,2.134,22.0
20,5220,80,0,20,5220,80,10,20,5220,80,20,20,5220,80,30,1.44,11.8,2.094,0.0
20,5220,80,0,20,5220,80,10,20,5220,80,20,20,5220,80,30,8.61,70.6,1.594,62.0
20,5220,80,0,20,5220,80,10,20,5220,80,20,20,5220,80,30,7.18,58.8,1.161,29.0
20,5220,80,0,20,5220,80,10,20,5220,80,20,20,5220,80,30,5.74,47.0,0.978,56.0
20,5220,80,0,20,5220,80,10,20,5220,80,20,20,5220,80,30,1.44,11.8,0.925,86.0
20,5220,80,0,20,5220,80,10,20,5220,80,20,20,5220,80,30,2.87,23.5,0.826,80.0
20,5220,80,0,20,5220,80,10,20,5220,80,20,20,5220,80,30,4.31,35.3,1.025,50.0
20,5220,80,0,20,5220,80,10,20,5220,80,20,20,5220,80,30,7.18,58.8,1.002,55.0
20,5220,80,0,20,5220,80,10,20,5220,80,20,20,5220,80,30,7.18,58.8,0.801,50.0
20,5220,80,0,20,5220,80,10,20,5220,80,20,20,5220,80,30,4.31,35.3,0.665,62.0
20,5220,80,0,20,5220,80,10,20,5220,80,20,20,5220,80,30,11.5,94.1,0.409,11.0
20,5220,80,0,20,5220,80,10,20,5220,80,20,20,5220,80,30,8.61,70.6,0.54,25.0
20,5220,80,0,20,5220,80,10,20,5220,80,20,20,5220,80,30,5.74,47.0,1.094,33.0
20,5220,80,0,20,5220,80,10,20,5220,80,20,20,5220,80,30,2.87,23.5,1.083,80.0
20,5220,80,0,20,5220,80,10,20,5220,80,20,20,5220,80,30,5.74,47.0,0.855,50.0
20,5220,80,0,20,5220,80,10,20,5220,80,20,20,5220,80,30,0.0,0.0,0.855,100.0
20,5220,80,0,20,5220,80,10,20,5220,80,20,20,5220,80,30,4.31,35.3,0.706,80.0
20,5220,80,0,20,5220,80,10,20,5220,80,20,20,5220,80,30,1.44,11.8,0.664,92.0
20,5220,80,0,20,5220,80,10,20,5220,80,20,20,5220,80,30,4.31,35.3,0.551,62.0
20,5220,80,0,20,5220,80,10,20,5220,80,20,20,5220,80,30,1.44,11.8,0.519,50.0
20,5220,80,0,20,5220,80,10,20,5220,80,20,20,5220,80,30,0.0,0.0,0.519,100.0
20,5220,80,0,20,5220,80,10,20,5220,80,20,20,5220,80,30,0.0,0.0,0.519,100.0
20,5220,80,0,20,5220,80,10,20,5220,80,20,20,5220,80,30,0.0,0.0,0.519,100.0
20,5220,80,0,20,5220,80,10,20,5220,80,20,20,5220,80,30,0.0,0.0,0.519,100.0
20,5220,80,0,20,5220,80,10,20,5220,80,20,20,5220,80,30,27.3,223.0,103.425,62.0
20,5220,80,0,20,5220,80,10,20,5220,80,20,20,5220,80,30,10.0,82.3,66.157,12.0
20,5220,80,0,20,5220,80,10,20,5220,80,20,20,5220,80,30,11.5,94.1,39.762,11.0
20,5220,80,0,20,5220,80,10,20,5220,80,20,20,5220,80,30,11.5,94.1,24.038,0.0
20,5220,80,0,20,5220,80,10,20,5220,80,20,20,5220,80,30,12.9,106.0,13.653,0.0
20,5220,80,0,20,5220,80,10,20,5220,80,20,20,5220,80,30,4.31,35.3,11.453,0.0
20,5220,80,0,20,5220,80,10,20,5220,80,20,20,5220,80,30,7.18,58.8,8.934,64.0
20,5220,80,0,20,5220,80,10,20,5220,80,20,20,5220,80,30,4.31,35.3,7.367,57.0
20,5220,80,0,20,5220,80,10,20,5220,80,20,20,5220,80,30,4.31,35.3,6.113,50.0
20,5220,80,0,20,5220,80,10,20,5220,80,20,20,5220,80,30,5.74,47.0,5.153,67.0
20,5220,80,0,20,5220,80,10,20,5220,80,20,20,5220,80,30,8.61,70.6,3.999,33.0
20,5220,80,0,20,5220,80,10,20,5220,80,20,20,5220,80,30,11.5,94.1,2.676,0.0
20,5220,80,0,20,5220,80,10,20,5220,80,20,20,5220,80,30,12.9,106.0,2.322,0.0
20,5220,80,0,20,5220,80,10,20,5220,80,20,20,5220,80,30,10.0,82.3,1.633,12.0
20,5220,80,0,20,5220,80,10,20,5220,80,20,20,5220,80,30,12.9,106.0,1.072,0.0
20,5220,80,0,20,5220,80,10,20,5220,80,20,20,5220,80,30,7.18,58.8,1.274,38.0
20,5220,80,0,20,5220,80,10,20,5220,80,20,20,5220,80,30,1.44,11.8,1.382,0.0
20,5220,80,0,20,5220,80,10,20,5220,80,20,20,5220,80,30,4.31,35.3,1.269,81.0
20,5220,80,0,20,5220,80,10,20,5220,80,20,20,5220,80,30,2.87,23.5,1.202,67.0
20,5220,80,0,20,5220,80,10,20,5220,80,20,20,5220,80,30,4.31,35.3,1.002,62.0
20,5220,80,0,20,5220,80,10,20,5220,80,20,20,5220,80,30,4.31,35.3,0.837,75.0
20,5220,80,0,20,5220,80,10,20,5220,80,20,20,5220,80,30,5.74,47.0,0.745,43.0
20,5220,80,0,20,5220,80,10,20,5220,80,20,20,5220,80,30,0.0,0.0,0.745,100.0
20,5220,80,0,20,5220,80,10,20,5220,80,20,20,5220,80,30,2.87,23.5,0.66,87.0
20,5220,80,0,20,5220,80,10,20,5220,80,20,20,5220,80,30,1.44,11.8,0.623,91.0
20,5220,80,0,20,5220,80,10,20,5220,80,20,20,5220,80,30,2.87,23.5,0.556,71.0
20,5220,80,0,20,5220,80,10,20,5220,80,20,20,5220,80,30,4.31,35.3,0.464,73.0
20,5220,80,0,20,5220,80,10,20,5220,80,20,20,5220,80,30,10.0,82.3,0.679,12.0
20,5220,80,0,20,5220,80,10,20,5220,80,20,20,5220,80,30,5.74,47.0,1.21,0.0
20,5220,80,0,20,5220,80,10,20,5220,80,20,20,5220,80,30,0.0,0.0,1.21,100.0
20,5220,80,0,20,5220,80,10,20,5220,80,20,20,5220,80,30,0.0,0.0,1.21,100.0
20,5220,80,0,20,5220,80,10,20,5220,80,20,20,5220,80,30,0.0,0.0,1.21,100.0
20,5220,80,0,20,5220,80,10,20,5220,80,20,20,5220,80,30,0.0,0.0,1.21,100.0
20,5220,80,0,20,5220,80,10,20,5220,80,20,20,5220,80,30,0.0,0.0,1.21,100.0
20,5220,80,0,20,5220,80,10,20,5220,80,20,20,5220,80,30,5.74,47.0,1.144,93.0
20,5220,80,0,20,5220,80,10,20,5220,80,20,20,5220,80,30,2.87,23.5,1.011,78.0
20,5220,80,0,20,5220,80,10,20,5220,80,20,20,5220,80,30,2.87,23.5,0.929,50.0
20,5220,80,0,20,5220,80,10,20,5220,80,20,20,5220,80,30,2.87,23.5,0.896,85.0
