P1(dBm),Fre1(MHz),W1(MHz),d1(cm),P2(dBm),Fre2(MHz),W2(MHz),d2(cm),P4(dBm),Fre4(MHz),W4(MHz),d4(cm),Transfer(KBytes),Bandwidth(Kbits/sec),Jitter(ms),Loss_Rate(%)
20,5220,80,0,20,5220,80,10,20,5220,80,30,10.0,82.3,0.651,12.0
20,5220,80,0,20,5220,80,10,20,5220,80,30,8.61,70.6,0.918,25.0
20,5220,80,0,20,5220,80,10,20,5220,80,30,12.9,106.0,1.238,0.0
20,5220,80,0,20,5220,80,10,20,5220,80,30,11.5,94.1,1.059,11.0
20,5220,80,0,20,5220,80,10,20,5220,80,30,11.5,94.1,1.006,0.0
20,5220,80,0,20,5220,80,10,20,5220,80,30,8.61,70.6,0.922,33.0
20,5220,80,0,20,5220,80,10,20,5220,80,30,11.5,94.1,1.022,0.0
20,5220,80,0,20,5220,80,10,20,5220,80,30,11.5,94.1,0.854,11.0
20,5220,80,0,20,5220,80,10,20,5220,80,30,11.5,94.1,0.699,0.0
20,5220,80,0,20,5220,80,10,20,5220,80,30,11.5,94.1,1.041,11.0
20,5220,80,0,20,5220,80,10,20,5220,80,30,8.61,70.6,0.823,25.0
20,5220,80,0,20,5220,80,10,20,5220,80,30,11.5,94.1,0.898,11.0
20,5220,80,0,20,5220,80,10,20,5220,80,30,11.5,94.1,0.95,0.0
20,5220,80,0,20,5220,80,10,20,5220,80,30,11.5,94.1,1.285,11.0
20,5220,80,0,20,5220,80,10,20,5220,80,30,10.0,82.3,1.069,12.0
20,5220,80,0,20,5220,80,10,20,5220,80,30,10.0,82.3,0.796,22.0
20,5220,80,0,20,5220,80,10,20,5220,80,30,11.5,94.1,0.873,0.0
20,5220,80,0,20,5220,80,10,20,5220,80,30,8.61,70.6,0.805,25.0
20,5220,80,0,20,5220,80,10,20,5220,80,30,7.18,58.8,1.03,38.0
20,5220,80,0,20,5220,80,10,20,5220,80,30,12.9,106.0,1.288,10.0
20,5220,80,0,20,5220,80,10,20,5220,80,30,10.0,82.3,1.088,12.0
20,5220,80,0,20,5220,80,10,20,5220,80,30,12.9,106.0,0.837,0.0
20,5220,80,0,20,5220,80,10,20,5220,80,30,10.0,82.3,2.044,12.0
20,5220,80,0,20,5220,80,10,20,5220,80,30,10.0,82.3,1.674,22.0
20,5220,80,0,20,5220,80,10,20,5220,80,30,11.5,94.1,1.546,0.0
20,5220,80,0,20,5220,80,10,20,5220,80,30,10.0,82.3,1.324,22.0
20,5220,80,0,20,5220,80,10,20,5220,80,30,10.0,82.3,1.149,12.0
20,5220,80,0,20,5220,80,10,20,5220,80,30,10.0,82.3,1.27,22.0
20,5220,80,0,20,5220,80,10,20,5220,80,30,11.5,94.1,1.191,0.0
20,5220,80,0,20,5220,80,10,20,5220,80,30,10.0,82.3,0.859,0.0
20,5220,80,0,20,5220,80,10,20,5220,80,30,7.18,58.8,1.089,38.0
20,5220,80,0,20,5220,80,10,20,5220,80,30,11.5,94.1,0.979,27.0
20,5220,80,0,20,5220,80,10,20,5220,80,30,8.61,70.6,0.74,25.0
20,5220,80,0,20,5220,80,10,20,5220,80,30,10.0,82.3,0.646,22.0
20,5220,80,0,20,5220,80,10,20,5220,80,30,11.5,94.1,0.526,0.0
20,5220,80,0,20,5220,80,10,20,5220,80,30,11.5,94.1,1.715,0.0
20,5220,80,0,20,5220,80,10,20,5220,80,30,10.0,82.3,2.07,22.0
20,5220,80,0,20,5220,80,10,20,5220,80,30,11.5,94.1,1.596,11.0
20,5220,80,0,20,5220,80,10,20,5220,80,30,11.5,94.1,1.875,0.0
20,5220,80,0,20,5220,80,10,20,5220,80,30,12.9,106.0,1.267,0.0
20,5220,80,0,20,5220,80,10,20,5220,80,30,10.0,82.3,1.24,12.0
20,5220,80,0,20,5220,80,10,20,5220,80,30,8.61,70.6,1.265,33.0
20,5220,80,0,20,5220,80,10,20,5220,80,30,8.61,70.6,1.459,25.0
20,5220,80,0,20,5220,80,10,20,5220,80,30,11.5,94.1,1.322,11.0
20,5220,80,0,20,5220,80,10,20,5220,80,30,7.18,58.8,2.034,0.0
20,5220,80,0,20,5220,80,10,20,5220,80,30,8.61,70.6,1.709,50.0
20,5220,80,0,20,5220,80,10,20,5220,80,30,11.5,94.1,1.579,0.0
20,5220,80,0,20,5220,80,10,20,5220,80,30,10.0,82.3,1.251,22.0
20,5220,80,0,20,5220,80,10,20,5220,80,30,10.0,82.3,1.09,12.0
20,5220,80,0,20,5220,80,10,20,5220,80,30,11.5,94.1,0.955,11.0
20,5220,80,0,20,5220,80,10,20,5220,80,30,8.61,70.6,1.566,14.0
20,5220,80,0,20,5220,80,10,20,5220,80,30,10.0,82.3,1.624,30.0
20,5220,80,0,20,5220,80,10,20,5220,80,30,8.61,70.6,1.175,25.0
20,5220,80,0,20,5220,80,10,20,5220,80,30,10.0,82.3,1.244,22.0
20,5220,80,0,20,5220,80,10,20,5220,80,30,10.0,82.3,1.326,12.0
20,5220,80,0,20,5220,80,10,20,5220,80,30,10.0,82.3,1.791,12.0
20,5220,80,0,20,5220,80,10,20,5220,80,30,4.31,35.3,1.762,62.0
20,5220,80,0,20,5220,80,10,20,5220,80,30,0.0,0.0,1.762,100.0
20,5220,80,0,20,5220,80,10,20,5220,80,30,5.74,47.0,1.762,78.0
20,5220,80,0,20,5220,80,10,20,5220,80,30,8.61,70.6,1.255,25.0
20,5220,80,0,20,5220,80,10,20,5220,80,30,2.87,23.5,1.182,50.0
20,5220,80,0,20,5220,80,10,20,5220,80,30,7.18,58.8,0.974,62.0
20,5220,80,0,20,5220,80,10,20,5220,80,30,7.18,58.8,0.888,17.0
20,5220,80,0,20,5220,80,10,20,5220,80,30,8.61,70.6,0.699,50.0
20,5220,80,0,20,5220,80,10,20,5220,80,30,5.74,47.0,0.623,43.0
20,5220,80,0,20,5220,80,10,20,5220,80,30,11.5,94.1,0.427,20.0
20,5220,80,0,20,5220,80,10,20,5220,80,30,5.74,47.0,0.403,50.0
20,5220,80,0,20,5220,80,10,20,5220,80,30,4.31,35.3,0.445,62.0
20,5220,80,0,20,5220,80,10,20,5220,80,30,4.31,35.3,0.495,62.0
20,5220,80,0,20,5220,80,10,20,5220,80,30,5.74,47.0,0.466,60.0
20,5220,80,0,20,5220,80,10,20,5220,80,30,10.0,82.3,1.43,12.0
20,5220,80,0,20,5220,80,10,20,5220,80,30,10.0,82.3,1.644,22.0
20,5220,80,0,20,5220,80,10,20,5220,80,30,8.61,70.6,1.259,25.0
20,5220,80,0,20,5220,80,10,20,5220,80,30,12.9,106.0,0.842,0.0
20,5220,80,0,20,5220,80,10,20,5220,80,30,7.18,58.8,0.668,38.0
20,5220,80,0,20,5220,80,10,20,5220,80,30,8.61,70.6,0.75,33.0
20,5220,80,0,20,5220,80,10,20,5220,80,30,11.5,94.1,0.715,0.0
20,5220,80,0,20,5220,80,10,20,5220,80,30,10.0,82.3,0.651,12.0
20,5220,80,0,20,5220,80,10,20,5220,80,30,11.5,94.1,1.337,11.0
20,5220,80,0,20,5220,80,10,20,5220,80,30,11.5,94.1,1.563,11.0
20,5220,80,0,20,5220,80,10,20,5220,80,30,10.0,82.3,1.585,12.0
20,5220,80,0,20,5220,80,10,20,5220,80,30,12.9,106.0,1.285,0.0
20,5220,80,0,20,5220,80,10,20,5220,80,30,10.0,82.3,1.024,12.0
20,5220,80,0,20,5220,80,10,20,5220,80,30,11.5,94.1,1.445,11.0
20,5220,80,0,20,5220,80,10,20,5220,80,30,10.0,82.3,1.09,12.0
20,5220,80,0,20,5220,80,10,20,5220,80,30,10.0,82.3,1.028,22.0
20,5220,80,0,20,5220,80,10,20,5220,80,30,11.5,94.1,0.826,0.0
20,5220,80,0,20,5220,80,10,20,5220,80,30,11.5,94.1,0.72,11.0
20,5220,80,0,20,5220,80,10,20,5220,80,30,10.0,82.3,0.707,12.0
20,5220,80,0,20,5220,80,10,20,5220,80,30,10.0,82.3,0.528,22.0
20,5220,80,0,20,5220,80,10,20,5220,80,30,10.0,82.3,0.607,12.0
20,5220,80,0,20,5220,80,10,20,5220,80,30,8.61,70.6,0.48,25.0
20,5220,80,0,20,5220,80,10,20,5220,80,30,11.5,94.1,0.584,11.0
20,5220,80,0,20,5220,80,10,20,5220,80,30,11.5,94.1,0.601,11.0
20,5220,80,0,20,5220,80,10,20,5220,80,30,8.61,70.6,0.741,25.0
20,5220,80,0,20,5220,80,10,20,5220,80,30,11.5,94.1,0.518,11.0
20,5220,80,0,20,5220,80,10,20,5220,80,30,7.18,58.8,0.422,17.0
20,5220,80,0,20,5220,80,10,20,5220,80,30,12.9,106.0,0.349,18.0
20,5220,80,0,20,5220,80,10,20,5220,80,30,11.5,94.1,1.501,0.0
20,5220,80,0,20,5220,80,10,20,5220,80,30,11.5,94.1,1.262,11.0
20,5220,80,0,20,5220,80,10,20,5220,80,30,10.0,82.3,1.136,12.0
20,5220,80,0,20,5220,80,10,20,5220,80,30,8.61,70.6,1.126,33.0
20,5220,80,0,20,5220,80,10,20,5220,80,30,10.0,82.3,1.455,12.0
20,5220,80,0,20,5220,80,10,20,5220,80,30,11.5,94.1,1.07,11.0
20,5220,80,0,20,5220,80,10,20,5220,80,30,8.61,70.6,0.995,25.0
20,5220,80,0,20,5220,80,10,20,5220,80,30,10.0,82.3,1.083,12.0
20,5220,80,0,20,5220,80,10,20,5220,80,30,10.0,82.3,1.066,22.0
20,5220,80,0,20,5220,80,10,20,5220,80,30,8.61,70.6,1.066,25.0
20,5220,80,0,20,5220,80,10,20,5220,80,30,10.0,82.3,1.18,22.0
20,5220,80,0,20,5220,80,10,20,5220,80,30,10.0,82.3,0.856,22.0
20,5220,80,0,20,5220,80,10,20,5220,80,30,10.0,82.3,1.176,12.0
20,5220,80,0,20,5220,80,10,20,5220,80,30,11.5,94.1,1.628,11.0
20,5220,80,0,20,5220,80,10,20,5220,80,30,10.0,82.3,1.498,12.0
20,5220,80,0,20,5220,80,10,20,5220,80,30,12.9,106.0,1.87,0.0
20,5220,80,0,20,5220,80,10,20,5220,80,30,10.0,82.3,2.514,12.0
20,5220,80,0,20,5220,80,10,20,5220,80,30,11.5,94.1,1.943,0.0
20,5220,80,0,20,5220,80,10,20,5220,80,30,10.0,82.3,1.527,22.0
20,5220,80,0,20,5220,80,10,20,5220,80,30,11.5,94.1,1.567,11.0
20,5220,80,0,20,5220,80,10,20,5220,80,30,10.0,82.3,1.911,0.0
20,5220,80,0,20,5220,80,10,20,5220,80,30,11.5,94.1,1.717,20.0
20,5220,80,0,20,5220,80,10,20,5220,80,30,11.5,94.1,1.4,0.0
20,5220,80,0,20,5220,80,10,20,5220,80,30,11.5,94.1,2.13,11.0
20,5220,80,0,20,5220,80,10,20,5220,80,30,10.0,82.3,1.852,12.0
20,5220,80,0,20,5220,80,10,20,5220,80,30,12.9,106.0,1.492,0.0
20,5220,80,0,20,5220,80,10,20,5220,80,30,10.0,82.3,1.297,12.0
20,5220,80,0,20,5220,80,10,20,5220,80,30,12.9,106.0,0.99,0.0
20,5220,80,0,20,5220,80,10,20,5220,80,30,11.5,94.1,0.775,0.0
20,5220,80,0,20,5220,80,10,20,5220,80,30,11.5,94.1,0.956,11.0
20,5220,80,0,20,5220,80,10,20,5220,80,30,11.5,94.1,0.705,0.0
20,5220,80,0,20,5220,80,10,20,5220,80,30,11.5,94.1,0.593,0.0
20,5220,80,0,20,5220,80,10,20,5220,80,30,11.5,94.1,0.686,11.0
20,5220,80,0,20,5220,80,10,20,5220,80,30,10.0,82.3,0.658,12.0
20,5220,80,0,20,5220,80,10,20,5220,80,30,11.5,94.1,0.724,11.0
20,5220,80,0,20,5220,80,10,20,5220,80,30,12.9,106.0,0.543,0.0
20,5220,80,0,20,5220,80,10,20,5220,80,30,11.5,94.1,1.275,0.0
20,5220,80,0,20,5220,80,10,20,5220,80,30,12.9,106.0,0.998,0.0
20,5220,80,0,20,5220,80,10,20,5220,80,30,11.5,94.1,0.939,0.0
20,5220,80,0,20,5220,80,10,20,5220,80,30,12.9,106.0,0.558,0.0
20,5220,80,0,20,5220,80,10,20,5220,80,30,10.0,82.3,0.575,12.0
20,5220,80,0,20,5220,80,10,20,5220,80,30,12.9,106.0,0.698,0.0
20,5220,80,0,20,5220,80,10,20,5220,80,30,11.5,94.1,0.679,11.0
20,5220,80,0,20,5220,80,10,20,5220,80,30,10.0,82.3,0.643,12.0
20,5220,80,0,20,5220,80,10,20,5220,80,30,12.9,106.0,0.411,0.0
20,5220,80,0,20,5220,80,10,20,5220,80,30,7.18,58.8,0.418,29.0
20,5220,80,0,20,5220,80,10,20,5220,80,30,12.9,106.0,0.784,10.0
20,5220,80,0,20,5220,80,10,20,5220,80,30,11.5,94.1,0.546,0.0
20,5220,80,0,20,5220,80,10,20,5220,80,30,11.5,94.1,0.53,11.0
20,5220,80,0,20,5220,80,10,20,5220,80,30,11.5,94.1,0.472,0.0
20,5220,80,0,20,5220,80,10,20,5220,80,30,11.5,94.1,0.388,0.0
20,5220,80,0,20,5220,80,10,20,5220,80,30,11.5,94.1,0.404,11.0
20,5220,80,0,20,5220,80,10,20,5220,80,30,11.5,94.1,0.459,0.0
20,5220,80,0,20,5220,80,10,20,5220,80,30,11.5,94.1,0.931,11.0
20,5220,80,0,20,5220,80,10,20,5220,80,30,12.9,106.0,0.951,0.0
20,5220,80,0,20,5220,80,10,20,5220,80,30,10.0,82.3,0.725,12.0
20,5220,80,0,20,5220,80,10,20,5220,80,30,12.9,106.0,0.54,0.0
20,5220,80,0,20,5220,80,10,20,5220,80,30,11.5,94.1,0.545,0.0
20,5220,80,0,20,5220,80,10,20,5220,80,30,11.5,94.1,0.513,11.0
20,5220,80,0,20,5220,80,10,20,5220,80,30,11.5,94.1,0.425,0.0
20,5220,80,0,20,5220,80,10,20,5220,80,30,12.9,106.0,0.54,0.0
20,5220,80,0,20,5220,80,10,20,5220,80,30,10.0,82.3,0.411,12.0
20,5220,80,0,20,5220,80,10,20,5220,80,30,12.9,106.0,0.417,0.0
20,5220,80,0,20,5220,80,10,20,5220,80,30,11.5,94.1,0.45,0.0
20,5220,80,0,20,5220,80,10,20,5220,80,30,12.9,106.0,0.322,0.0
20,5220,80,0,20,5220,80,10,20,5220,80,30,10.0,82.3,0.452,12.0
20,5220,80,0,20,5220,80,10,20,5220,80,30,12.9,106.0,0.344,0.0
20,5220,80,0,20,5220,80,10,20,5220,80,30,11.5,94.1,0.374,0.0
20,5220,80,0,20,5220,80,10,20,5220,80,30,11.5,94.1,0.35,11.0
20,5220,80,0,20,5220,80,10,20,5220,80,30,10.0,82.3,0.241,12.0
20,5220,80,0,20,5220,80,10,20,5220,80,30,10.0,82.3,0.402,22.0
20,5220,80,0,20,5220,80,10,20,5220,80,30,11.5,94.1,0.42,0.0
20,5220,80,0,20,5220,80,10,20,5220,80,30,12.9,106.0,0.595,0.0
20,5220,80,0,20,5220,80,10,20,5220,80,30,11.5,94.1,0.462,0.0
20,5220,80,0,20,5220,80,10,20,5220,80,30,12.9,106.0,0.645,0.0
20,5220,80,0,20,5220,80,10,20,5220,80,30,10.0,82.3,0.807,12.0
20,5220,80,0,20,5220,80,10,20,5220,80,30,12.9,106.0,0.537,0.0
20,5220,80,0,20,5220,80,10,20,5220,80,30,10.0,82.3,0.784,12.0
20,5220,80,0,20,5220,80,10,20,5220,80,30,12.9,106.0,0.609,0.0
20,5220,80,0,20,5220,80,10,20,5220,80,30,11.5,94.1,0.534,0.0
20,5220,80,0,20,5220,80,10,20,5220,80,30,11.5,94.1,0.577,11.0
20,5220,80,0,20,5220,80,10,20,5220,80,30,11.5,94.1,0.454,0.0
20,5220,80,0,20,5220,80,10,20,5220,80,30,11.5,94.1,1.075,11.0
20,5220,80,0,20,5220,80,10,20,5220,80,30,11.5,94.1,0.845,0.0
20,5220,80,0,20,5220,80,10,20,5220,80,30,12.9,106.0,0.707,0.0
20,5220,80,0,20,5220,80,10,20,5220,80,30,10.0,82.3,0.673,12.0
20,5220,80,0,20,5220,80,10,20,5220,80,30,12.9,106.0,0.492,0.0
20,5220,80,0,20,5220,80,10,20,5220,80,30,10.0,82.3,0.686,0.0
20,5220,80,0,20,5220,80,10,20,5220,80,30,12.9,106.0,1.13,10.0
20,5220,80,0,20,5220,80,10,20,5220,80,30,10.0,82.3,1.027,12.0
20,5220,80,0,20,5220,80,10,20,5220,80,30,12.9,106.0,0.776,0.0
20,5220,80,0,20,5220,80,10,20,5220,80,30,11.5,94.1,0.674,0.0
20,5220,80,0,20,5220,80,10,20,5220,80,30,11.5,94.1,0.803,11.0
20,5220,80,0,20,5220,80,10,20,5220,80,30,11.5,94.1,0.73,0.0
20,5220,80,0,20,5220,80,10,20,5220,80,30,11.5,94.1,0.75,11.0
20,5220,80,0,20,5220,80,10,20,5220,80,30,11.5,94.1,0.712,0.0
20,5220,80,0,20,5220,80,10,20,5220,80,30,12.9,106.0,0.685,0.0
20,5220,80,0,20,5220,80,10,20,5220,80,30,11.5,94.1,0.415,0.0
20,5220,80,0,20,5220,80,10,20,5220,80,30,12.9,106.0,0.384,0.0
20,5220,80,0,20,5220,80,10,20,5220,80,30,10.0,82.3,0.461,12.0
20,5220,80,0,20,5220,80,10,20,5220,80,30,11.5,94.1,0.366,0.0
20,5220,80,0,20,5220,80,10,20,5220,80,30,11.5,94.1,0.496,11.0
20,5220,80,0,20,5220,80,10,20,5220,80,30,10.0,82.3,0.379,22.0
20,5220,80,0,20,5220,80,10,20,5220,80,30,10.0,82.3,0.326,12.0
20,5220,80,0,20,5220,80,10,20,5220,80,30,11.5,94.1,0.632,11.0
20,5220,80,0,20,5220,80,10,20,5220,80,30,10.0,82.3,0.589,12.0
20,5220,80,0,20,5220,80,10,20,5220,80,30,12.9,106.0,0.349,0.0
20,5220,80,0,20,5220,80,10,20,5220,80,30,10.0,82.3,0.303,12.0
20,5220,80,0,20,5220,80,10,20,5220,80,30,12.9,106.0,0.483,0.0
20,5220,80,0,20,5220,80,10,20,5220,80,30,10.0,82.3,0.531,12.0
20,5220,80,0,20,5220,80,10,20,5220,80,30,12.9,106.0,1.034,0.0
20,5220,80,0,20,5220,80,10,20,5220,80,30,11.5,94.1,0.865,0.0
20,5220,80,0,20,5220,80,10,20,5220,80,30,12.9,106.0,0.714,0.0
20,5220,80,0,20,5220,80,10,20,5220,80,30,10.0,82.3,0.508,12.0
20,5220,80,0,20,5220,80,10,20,5220,80,30,12.9,106.0,0.531,0.0
20,5220,80,0,20,5220,80,10,20,5220,80,30,11.5,94.1,0.443,0.0
20,5220,80,0,20,5220,80,10,20,5220,80,30,12.9,106.0,0.405,0.0
20,5220,80,0,20,5220,80,10,20,5220,80,30,11.5,94.1,0.5,0.0
20,5220,80,0,20,5220,80,10,20,5220,80,30,12.9,106.0,0.531,0.0
20,5220,80,0,20,5220,80,10,20,5220,80,30,11.5,94.1,0.479,0.0
20,5220,80,0,20,5220,80,10,20,5220,80,30,11.5,94.1,0.373,11.0
20,5220,80,0,20,5220,80,10,20,5220,80,30,11.5,94.1,0.699,0.0
20,5220,80,0,20,5220,80,10,20,5220,80,30,12.9,106.0,0.559,0.0
20,5220,80,0,20,5220,80,10,20,5220,80,30,10.0,82.3,0.442,12.0
20,5220,80,0,20,5220,80,10,20,5220,80,30,12.9,106.0,0.262,0.0
20,5220,80,0,20,5220,80,10,20,5220,80,30,11.5,94.1,0.566,0.0
20,5220,80,0,20,5220,80,10,20,5220,80,30,11.5,94.1,0.415,11.0
20,5220,80,0,20,5220,80,10,20,5220,80,30,10.0,82.3,0.275,12.0
20,5220,80,0,20,5220,80,10,20,5220,80,30,11.5,94.1,0.176,11.0
20,5220,80,0,20,5220,80,10,20,5220,80,30,10.0,82.3,0.267,12.0
20,5220,80,0,20,5220,80,10,20,5220,80,30,12.9,106.0,0.509,0.0
20,5220,80,0,20,5220,80,10,20,5220,80,30,11.5,94.1,0.521,0.0
20,5220,80,0,20,5220,80,10,20,5220,80,30,12.9,106.0,0.477,0.0
20,5220,80,0,20,5220,80,10,20,5220,80,30,10.0,82.3,0.638,12.0
20,5220,80,0,20,5220,80,10,20,5220,80,30,12.9,106.0,0.518,0.0
20,5220,80,0,20,5220,80,10,20,5220,80,30,11.5,94.1,0.53,0.0
20,5220,80,0,20,5220,80,10,20,5220,80,30,12.9,106.0,0.529,0.0
20,5220,80,0,20,5220,80,10,20,5220,80,30,11.5,94.1,0.929,0.0
20,5220,80,0,20,5220,80,10,20,5220,80,30,10.0,82.3,0.606,22.0
20,5220,80,0,20,5220,80,10,20,5220,80,30,10.0,82.3,0.396,12.0
20,5220,80,0,20,5220,80,10,20,5220,80,30,11.5,94.1,0.611,11.0
20,5220,80,0,20,5220,80,10,20,5220,80,30,11.5,94.1,0.532,0.0
20,5220,80,0,20,5220,80,10,20,5220,80,30,11.5,94.1,0.411,11.0
20,5220,80,0,20,5220,80,10,20,5220,80,30,10.0,82.3,0.464,12.0
20,5220,80,0,20,5220,80,10,20,5220,80,30,12.9,106.0,0.361,0.0
20,5220,80,0,20,5220,80,10,20,5220,80,30,11.5,94.1,0.55,0.0
20,5220,80,0,20,5220,80,10,20,5220,80,30,11.5,94.1,0.382,11.0
20,5220,80,0,20,5220,80,10,20,5220,80,30,11.5,94.1,0.503,0.0
20,5220,80,0,20,5220,80,10,20,5220,80,30,12.9,106.0,1.078,0.0
20,5220,80,0,20,5220,80,10,20,5220,80,30,11.5,94.1,1.254,0.0
20,5220,80,0,20,5220,80,10,20,5220,80,30,12.9,106.0,0.938,0.0
20,5220,80,0,20,5220,80,10,20,5220,80,30,11.5,94.1,0.906,0.0
20,5220,80,0,20,5220,80,10,20,5220,80,30,10.0,82.3,0.7,22.0
20,5220,80,0,20,5220,80,10,20,5220,80,30,11.5,94.1,0.593,0.0
20,5220,80,0,20,5220,80,10,20,5220,80,30,12.9,106.0,0.745,0.0
20,5220,80,0,20,5220,80,10,20,5220,80,30,11.5,94.1,0.679,0.0
20,5220,80,0,20,5220,80,10,20,5220,80,30,12.9,106.0,0.596,0.0
20,5220,80,0,20,5220,80,10,20,5220,80,30,10.0,82.3,0.437,12.0
20,5220,80,0,20,5220,80,10,20,5220,80,30,12.9,106.0,0.316,0.0
20,5220,80,0,20,5220,80,10,20,5220,80,30,10.0,82.3,0.486,12.0
20,5220,80,0,20,5220,80,10,20,5220,80,30,12.9,106.0,0.463,0.0
20,5220,80,0,20,5220,80,10,20,5220,80,30,10.0,82.3,0.58,12.0
20,5220,80,0,20,5220,80,10,20,5220,80,30,11.5,94.1,0.848,11.0
20,5220,80,0,20,5220,80,10,20,5220,80,30,10.0,82.3,2.566,0.0
20,5220,80,0,20,5220,80,10,20,5220,80,30,11.5,94.1,1.76,20.0
20,5220,80,0,20,5220,80,10,20,5220,80,30,11.5,94.1,1.125,0.0
20,5220,80,0,20,5220,80,10,20,5220,80,30,12.9,106.0,0.87,0.0
20,5220,80,0,20,5220,80,10,20,5220,80,30,11.5,94.1,0.712,0.0
20,5220,80,0,20,5220,80,10,20,5220,80,30,12.9,106.0,0.694,0.0
20,5220,80,0,20,5220,80,10,20,5220,80,30,11.5,94.1,0.708,0.0
20,5220,80,0,20,5220,80,10,20,5220,80,30,12.9,106.0,0.54,0.0
20,5220,80,0,20,5220,80,10,20,5220,80,30,10.0,82.3,0.708,12.0
20,5220,80,0,20,5220,80,10,20,5220,80,30,12.9,106.0,1.195,0.0
20,5220,80,0,20,5220,80,10,20,5220,80,30,11.5,94.1,1.358,0.0
20,5220,80,0,20,5220,80,10,20,5220,80,30,11.5,94.1,1.008,11.0
20,5220,80,0,20,5220,80,10,20,5220,80,30,10.0,82.3,0.747,12.0
20,5220,80,0,20,5220,80,10,20,5220,80,30,11.5,94.1,0.701,11.0
20,5220,80,0,20,5220,80,10,20,5220,80,30,11.5,94.1,0.696,0.0
20,5220,80,0,20,5220,80,10,20,5220,80,30,12.9,106.0,0.533,0.0
20,5220,80,0,20,5220,80,10,20,5220,80,30,10.0,82.3,0.717,12.0
20,5220,80,0,20,5220,80,10,20,5220,80,30,12.9,106.0,0.541,0.0
20,5220,80,0,20,5220,80,10,20,5220,80,30,11.5,94.1,0.696,0.0
20,5220,80,0,20,5220,80,10,20,5220,80,30,12.9,106.0,0.507,0.0
20,5220,80,0,20,5220,80,10,20,5220,80,30,11.5,94.1,0.517,0.0
20,5220,80,0,20,5220,80,10,20,5220,80,30,11.5,94.1,0.402,11.0
20,5220,80,0,20,5220,80,10,20,5220,80,30,11.5,94.1,0.379,0.0
20,5220,80,0,20,5220,80,10,20,5220,80,30,12.9,106.0,0.587,0.0
20,5220,80,0,20,5220,80,10,20,5220,80,30,11.5,94.1,0.625,0.0
20,5220,80,0,20,5220,80,10,20,5220,80,30,12.9,106.0,0.821,0.0
20,5220,80,0,20,5220,80,10,20,5220,80,30,12.9,106.0,0.718,0.0
20,5220,80,0,20,5220,80,10,20,5220,80,30,11.5,94.1,0.712,0.0
20,5220,80,0,20,5220,80,10,20,5220,80,30,12.9,106.0,0.724,0.0
20,5220,80,0,20,5220,80,10,20,5220,80,30,10.0,82.3,0.547,12.0
20,5220,80,0,20,5220,80,10,20,5220,80,30,12.9,106.0,0.843,0.0
20,5220,80,0,20,5220,80,10,20,5220,80,30,11.5,94.1,0.747,0.0
20,5220,80,0,20,5220,80,10,20,5220,80,30,11.5,94.1,0.645,11.0
20,5220,80,0,20,5220,80,10,20,5220,80,30,10.0,82.3,0.878,12.0
20,5220,80,0,20,5220,80,10,20,5220,80,30,11.5,94.1,1.146,11.0
20,5220,80,0,20,5220,80,10,20,5220,80,30,11.5,94.1,0.924,0.0
20,5220,80,0,20,5220,80,10,20,5220,80,30,12.9,106.0,0.672,0.0
20,5220,80,0,20,5220,80,10,20,5220,80,30,11.5,94.1,0.938,0.0
20,5220,80,0,20,5220,80,10,20,5220,80,30,11.5,94.1,0.649,11.0
20,5220,80,0,20,5220,80,10,20,5220,80,30,11.5,94.1,0.463,0.0
20,5220,80,0,20,5220,80,10,20,5220,80,30,11.5,94.1,0.534,11.0
20,5220,80,0,20,5220,80,10,20,5220,80,30,11.5,94.1,0.45,0.0
20,5220,80,0,20,5220,80,10,20,5220,80,30,12.9,106.0,0.403,0.0
20,5220,80,0,20,5220,80,10,20,5220,80,30,11.5,94.1,1.143,0.0
20,5220,80,0,20,5220,80,10,20,5220,80,30,12.9,106.0,0.934,0.0
20,5220,80,0,20,5220,80,10,20,5220,80,30,8.61,70.6,0.879,25.0
20,5220,80,0,20,5220,80,10,20,5220,80,30,12.9,106.0,0.67,0.0
20,5220,80,0,20,5220,80,10,20,5220,80,30,10.0,82.3,0.522,12.0
20,5220,80,0,20,5220,80,10,20,5220,80,30,11.5,94.1,0.439,11.0
20,5220,80,0,20,5220,80,10,20,5220,80,30,11.5,94.1,0.444,0.0
20,5220,80,0,20,5220,80,10,20,5220,80,30,11.5,94.1,0.296,11.0
20,5220,80,0,20,5220,80,10,20,5220,80,30,11.5,94.1,0.438,0.0
20,5220,80,0,20,5220,80,10,20,5220,80,30,11.5,94.1,0.433,11.0
20,5220,80,0,20,5220,80,10,20,5220,80,30,11.5,94.1,0.4,0.0
20,5220,80,0,20,5220,80,10,20,5220,80,30,12.9,106.0,0.505,0.0
20,5220,80,0,20,5220,80,10,20,5220,80,30,11.5,94.1,0.45,0.0
20,5220,80,0,20,5220,80,10,20,5220,80,30,12.9,106.0,2.071,0.0
20,5220,80,0,20,5220,80,10,20,5220,80,30,11.5,94.1,1.594,0.0
20,5220,80,0,20,5220,80,10,20,5220,80,30,12.9,106.0,1.08,0.0
20,5220,80,0,20,5220,80,10,20,5220,80,30,11.5,94.1,0.794,0.0
20,5220,80,0,20,5220,80,10,20,5220,80,30,12.9,106.0,0.572,0.0
20,5220,80,0,20,5220,80,10,20,5220,80,30,11.5,94.1,0.608,0.0
20,5220,80,0,20,5220,80,10,20,5220,80,30,11.5,94.1,0.588,11.0
20,5220,80,0,20,5220,80,10,20,5220,80,30,11.5,94.1,0.727,0.0
20,5220,80,0,20,5220,80,10,20,5220,80,30,12.9,106.0,0.849,0.0
20,5220,80,0,20,5220,80,10,20,5220,80,30,10.0,82.3,2.585,12.0
20,5220,80,0,20,5220,80,10,20,5220,80,30,11.5,94.1,3.56,11.0
20,5220,80,0,20,5220,80,10,20,5220,80,30,10.0,82.3,2.397,12.0
20,5220,80,0,20,5220,80,10,20,5220,80,30,12.9,106.0,1.561,0.0
20,5220,80,0,20,5220,80,10,20,5220,80,30,10.0,82.3,1.619,12.0
20,5220,80,0,20,5220,80,10,20,5220,80,30,12.9,106.0,1.866,0.0
20,5220,80,0,20,5220,80,10,20,5220,80,30,10.0,82.3,1.427,12.0
20,5220,80,0,20,5220,80,10,20,5220,80,30,11.5,94.1,1.052,11.0
20,5220,80,0,20,5220,80,10,20,5220,80,30,11.5,94.1,1.384,0.0
20,5220,80,0,20,5220,80,10,20,5220,80,30,12.9,106.0,0.855,0.0
20,5220,80,0,20,5220,80,10,20,5220,80,30,11.5,94.1,0.752,0.0
20,5220,80,0,20,5220,80,10,20,5220,80,30,11.5,94.1,1.131,11.0
20,5220,80,0,20,5220,80,10,20,5220,80,30,10.0,82.3,2.004,12.0
20,5220,80,0,20,5220,80,10,20,5220,80,30,12.9,106.0,1.894,0.0
20,5220,80,0,20,5220,80,10,20,5220,80,30,11.5,94.1,1.369,0.0
20,5220,80,0,20,5220,80,10,20,5220,80,30,12.9,106.0,1.956,0.0
20,5220,80,0,20,5220,80,10,20,5220,80,30,11.5,94.1,1.263,0.0
20,5220,80,0,20,5220,80,10,20,5220,80,30,11.5,94.1,0.819,11.0
20,5220,80,0,20,5220,80,10,20,5220,80,30,10.0,82.3,0.792,12.0
20,5220,80,0,20,5220,80,10,20,5220,80,30,12.9,106.0,0.586,0.0
20,5220,80,0,20,5220,80,10,20,5220,80,30,11.5,94.1,0.96,0.0
20,5220,80,0,20,5220,80,10,20,5220,80,30,12.9,106.0,0.836,0.0
20,5220,80,0,20,5220,80,10,20,5220,80,30,8.61,70.6,0.643,25.0
20,5220,80,0,20,5220,80,10,20,5220,80,30,11.5,94.1,0.678,11.0
20,5220,80,0,20,5220,80,10,20,5220,80,30,11.5,94.1,1.287,0.0
20,5220,80,0,20,5220,80,10,20,5220,80,30,10.0,82.3,1.21,22.0
20,5220,80,0,20,5220,80,10,20,5220,80,30,11.5,94.1,0.963,0.0
20,5220,80,0,20,5220,80,10,20,5220,80,30,12.9,106.0,0.781,0.0
20,5220,80,0,20,5220,80,10,20,5220,80,30,11.5,94.1,1.078,0.0
20,5220,80,0,20,5220,80,10,20,5220,80,30,11.5,94.1,1.212,11.0
20,5220,80,0,20,5220,80,10,20,5220,80,30,8.61,70.6,0.95,25.0
20,5220,80,0,20,5220,80,10,20,5220,80,30,12.9,106.0,0.956,0.0
20,5220,80,0,20,5220,80,10,20,5220,80,30,11.5,94.1,1.134,0.0
20,5220,80,0,20,5220,80,10,20,5220,80,30,12.9,106.0,0.952,0.0
20,5220,80,0,20,5220,80,10,20,5220,80,30,11.5,94.1,0.642,0.0
20,5220,80,0,20,5220,80,10,20,5220,80,30,12.9,106.0,1.005,0.0
20,5220,80,0,20,5220,80,10,20,5220,80,30,10.0,82.3,0.888,12.0
20,5220,80,0,20,5220,80,10,20,5220,80,30,12.9,106.0,1.298,0.0
20,5220,80,0,20,5220,80,10,20,5220,80,30,11.5,94.1,1.158,0.0
20,5220,80,0,20,5220,80,10,20,5220,80,30,12.9,106.0,0.985,0.0
20,5220,80,0,20,5220,80,10,20,5220,80,30,11.5,94.1,0.804,0.0
20,5220,80,0,20,5220,80,10,20,5220,80,30,11.5,94.1,0.84,11.0
20,5220,80,0,20,5220,80,10,20,5220,80,30,11.5,94.1,1.021,0.0
20,5220,80,0,20,5220,80,10,20,5220,80,30,12.9,106.0,0.67,0.0
20,5220,80,0,20,5220,80,10,20,5220,80,30,10.0,82.3,0.541,0.0
20,5220,80,0,20,5220,80,10,20,5220,80,30,11.5,94.1,0.672,20.0
20,5220,80,0,20,5220,80,10,20,5220,80,30,11.5,94.1,0.409,0.0
20,5220,80,0,20,5220,80,10,20,5220,80,30,12.9,106.0,0.314,0.0
20,5220,80,0,20,5220,80,10,20,5220,80,30,11.5,94.1,0.333,0.0
20,5220,80,0,20,5220,80,10,20,5220,80,30,12.9,106.0,0.413,0.0
20,5220,80,0,20,5220,80,10,20,5220,80,30,11.5,94.1,0.272,0.0
20,5220,80,0,20,5220,80,10,20,5220,80,30,12.9,106.0,0.267,0.0
20,5220,80,0,20,5220,80,10,20,5220,80,30,10.0,82.3,0.244,12.0
20,5220,80,0,20,5220,80,10,20,5220,80,30,12.9,106.0,0.405,0.0
20,5220,80,0,20,5220,80,10,20,5220,80,30,11.5,94.1,0.654,0.0
20,5220,80,0,20,5220,80,10,20,5220,80,30,12.9,106.0,0.685,0.0
20,5220,80,0,20,5220,80,10,20,5220,80,30,8.61,70.6,0.74,14.0
20,5220,80,0,20,5220,80,10,20,5220,80,30,12.9,106.0,0.6,10.0
20,5220,80,0,20,5220,80,10,20,5220,80,30,11.5,94.1,0.434,0.0
20,5220,80,0,20,5220,80,10,20,5220,80,30,11.5,94.1,0.467,11.0
20,5220,80,0,20,5220,80,10,20,5220,80,30,8.61,70.6,1.858,14.0
20,5220,80,0,20,5220,80,10,20,5220,80,30,10.0,82.3,1.966,30.0
20,5220,80,0,20,5220,80,10,20,5220,80,30,11.5,94.1,2.08,0.0
20,5220,80,0,20,5220,80,10,20,5220,80,30,12.9,106.0,1.747,0.0
20,5220,80,0,20,5220,80,10,20,5220,80,30,11.5,94.1,1.49,0.0
20,5220,80,0,20,5220,80,10,20,5220,80,30,12.9,106.0,1.104,0.0
20,5220,80,0,20,5220,80,10,20,5220,80,30,11.5,94.1,0.918,0.0
20,5220,80,0,20,5220,80,10,20,5220,80,30,12.9,106.0,0.602,0.0
20,5220,80,0,20,5220,80,10,20,5220,80,30,10.0,82.3,0.394,12.0
20,5220,80,0,20,5220,80,10,20,5220,80,30,10.0,82.3,0.539,22.0
20,5220,80,0,20,5220,80,10,20,5220,80,30,11.5,94.1,0.503,0.0
20,5220,80,0,20,5220,80,10,20,5220,80,30,12.9,106.0,1.048,0.0
20,5220,80,0,20,5220,80,10,20,5220,80,30,11.5,94.1,0.844,0.0
20,5220,80,0,20,5220,80,10,20,5220,80,30,12.9,106.0,1.366,0.0
20,5220,80,0,20,5220,80,10,20,5220,80,30,11.5,94.1,1.499,0.0
20,5220,80,0,20,5220,80,10,20,5220,80,30,12.9,106.0,0.955,0.0
20,5220,80,0,20,5220,80,10,20,5220,80,30,10.0,82.3,0.906,12.0
20,5220,80,0,20,5220,80,10,20,5220,80,30,12.9,106.0,0.657,0.0
20,5220,80,0,20,5220,80,10,20,5220,80,30,11.5,94.1,0.488,0.0
20,5220,80,0,20,5220,80,10,20,5220,80,30,12.9,106.0,0.897,0.0
20,5220,80,0,20,5220,80,10,20,5220,80,30,11.5,94.1,0.644,0.0
20,5220,80,0,20,5220,80,10,20,5220,80,30,11.5,94.1,0.732,11.0
20,5220,80,0,20,5220,80,10,20,5220,80,30,11.5,94.1,0.609,0.0
20,5220,80,0,20,5220,80,10,20,5220,80,30,11.5,94.1,0.756,11.0
20,5220,80,0,20,5220,80,10,20,5220,80,30,11.5,94.1,0.568,0.0
20,5220,80,0,20,5220,80,10,20,5220,80,30,10.0,82.3,0.54,12.0
20,5220,80,0,20,5220,80,10,20,5220,80,30,10.0,82.3,0.503,12.0
20,5220,80,0,20,5220,80,10,20,5220,80,30,12.9,106.0,0.366,10.0
20,5220,80,0,20,5220,80,10,20,5220,80,30,10.0,82.3,0.833,12.0
20,5220,80,0,20,5220,80,10,20,5220,80,30,12.9,106.0,0.711,0.0
20,5220,80,0,20,5220,80,10,20,5220,80,30,10.0,82.3,1.062,12.0
20,5220,80,0,20,5220,80,10,20,5220,80,30,12.9,106.0,1.199,0.0
20,5220,80,0,20,5220,80,10,20,5220,80,30,10.0,82.3,0.864,12.0
20,5220,80,0,20,5220,80,10,20,5220,80,30,12.9,106.0,0.784,0.0
20,5220,80,0,20,5220,80,10,20,5220,80,30,11.5,94.1,0.677,0.0
20,5220,80,0,20,5220,80,10,20,5220,80,30,12.9,106.0,0.548,0.0
20,5220,80,0,20,5220,80,10,20,5220,80,30,11.5,94.1,0.465,0.0
20,5220,80,0,20,5220,80,10,20,5220,80,30,11.5,94.1,0.619,11.0
20,5220,80,0,20,5220,80,10,20,5220,80,30,10.0,82.3,0.462,12.0
20,5220,80,0,20,5220,80,10,20,5220,80,30,12.9,106.0,0.53,0.0
20,5220,80,0,20,5220,80,10,20,5220,80,30,11.5,94.1,0.479,0.0
20,5220,80,0,20,5220,80,10,20,5220,80,30,12.9,106.0,0.366,0.0
20,5220,80,0,20,5220,80,10,20,5220,80,30,11.5,94.1,0.398,0.0
20,5220,80,0,20,5220,80,10,20,5220,80,30,12.9,106.0,0.276,0.0
20,5220,80,0,20,5220,80,10,20,5220,80,30,11.5,94.1,0.976,0.0
20,5220,80,0,20,5220,80,10,20,5220,80,30,12.9,106.0,0.734,0.0
20,5220,80,0,20,5220,80,10,20,5220,80,30,12.9,106.0,0.427,0.0
20,5220,80,0,20,5220,80,10,20,5220,80,30,11.5,94.1,2.163,0.0
20,5220,80,0,20,5220,80,10,20,5220,80,30,12.9,106.0,1.303,0.0
20,5220,80,0,20,5220,80,10,20,5220,80,30,10.0,82.3,1.036,12.0
20,5220,80,0,20,5220,80,10,20,5220,80,30,12.9,106.0,0.695,0.0
20,5220,80,0,20,5220,80,10,20,5220,80,30,11.5,94.1,0.482,0.0
20,5220,80,0,20,5220,80,10,20,5220,80,30,10.0,82.3,0.324,22.0
20,5220,80,0,20,5220,80,10,20,5220,80,30,11.5,94.1,0.932,0.0
20,5220,80,0,20,5220,80,10,20,5220,80,30,12.9,106.0,1.098,0.0
20,5220,80,0,20,5220,80,10,20,5220,80,30,11.5,94.1,0.705,0.0
20,5220,80,0,20,5220,80,10,20,5220,80,30,11.5,94.1,0.66,11.0
20,5220,80,0,20,5220,80,10,20,5220,80,30,11.5,94.1,0.51,0.0
20,5220,80,0,20,5220,80,10,20,5220,80,30,12.9,106.0,0.553,0.0
20,5220,80,0,20,5220,80,10,20,5220,80,30,11.5,94.1,0.53,0.0
20,5220,80,0,20,5220,80,10,20,5220,80,30,12.9,106.0,0.795,0.0
20,5220,80,0,20,5220,80,10,20,5220,80,30,11.5,94.1,0.827,0.0
20,5220,80,0,20,5220,80,10,20,5220,80,30,12.9,106.0,0.795,0.0
20,5220,80,0,20,5220,80,10,20,5220,80,30,11.5,94.1,0.844,0.0
20,5220,80,0,20,5220,80,10,20,5220,80,30,12.9,106.0,0.744,0.0
20,5220,80,0,20,5220,80,10,20,5220,80,30,11.5,94.1,0.693,0.0
20,5220,80,0,20,5220,80,10,20,5220,80,30,11.5,94.1,0.719,11.0
20,5220,80,0,20,5220,80,10,20,5220,80,30,11.5,94.1,0.553,0.0
20,5220,80,0,20,5220,80,10,20,5220,80,30,12.9,106.0,0.618,0.0
20,5220,80,0,20,5220,80,10,20,5220,80,30,10.0,82.3,0.536,12.0
20,5220,80,0,20,5220,80,10,20,5220,80,30,12.9,106.0,0.496,0.0
20,5220,80,0,20,5220,80,10,20,5220,80,30,10.0,82.3,0.563,12.0
20,5220,80,0,20,5220,80,10,20,5220,80,30,11.5,94.1,0.675,11.0
20,5220,80,0,20,5220,80,10,20,5220,80,30,11.5,94.1,0.586,0.0
20,5220,80,0,20,5220,80,10,20,5220,80,30,11.5,94.1,0.454,11.0
20,5220,80,0,20,5220,80,10,20,5220,80,30,8.61,70.6,0.421,25.0
20,5220,80,0,20,5220,80,10,20,5220,80,30,12.9,106.0,0.889,0.0
20,5220,80,0,20,5220,80,10,20,5220,80,30,10.0,82.3,1.293,12.0
20,5220,80,0,20,5220,80,10,20,5220,80,30,11.5,94.1,1.086,11.0
20,5220,80,0,20,5220,80,10,20,5220,80,30,8.61,70.6,0.969,25.0
20,5220,80,0,20,5220,80,10,20,5220,80,30,12.9,106.0,0.661,0.0
20,5220,80,0,20,5220,80,10,20,5220,80,30,8.61,70.6,0.621,25.0
20,5220,80,0,20,5220,80,10,20,5220,80,30,11.5,94.1,0.513,11.0
20,5220,80,0,20,5220,80,10,20,5220,80,30,10.0,82.3,0.381,0.0
20,5220,80,0,20,5220,80,10,20,5220,80,30,12.9,106.0,0.335,10.0
20,5220,80,0,20,5220,80,10,20,5220,80,30,10.0,82.3,0.277,0.0
20,5220,80,0,20,5220,80,10,20,5220,80,30,12.9,106.0,0.598,10.0
20,5220,80,0,20,5220,80,10,20,5220,80,30,11.5,94.1,0.514,0.0
20,5220,80,0,20,5220,80,10,20,5220,80,30,11.5,94.1,0.398,11.0
20,5220,80,0,20,5220,80,10,20,5220,80,30,11.5,94.1,0.426,0.0
20,5220,80,0,20,5220,80,10,20,5220,80,30,12.9,106.0,0.595,0.0
20,5220,80,0,20,5220,80,10,20,5220,80,30,11.5,94.1,0.391,0.0
20,5220,80,0,20,5220,80,10,20,5220,80,30,11.5,94.1,0.296,11.0
20,5220,80,0,20,5220,80,10,20,5220,80,30,10.0,82.3,0.26,12.0
20,5220,80,0,20,5220,80,10,20,5220,80,30,12.9,106.0,0.167,0.0
20,5220,80,0,20,5220,80,10,20,5220,80,30,8.61,70.6,0.181,0.0
20,5220,80,0,20,5220,80,10,20,5220,80,30,12.9,106.0,0.274,18.0
20,5220,80,0,20,5220,80,10,20,5220,80,30,10.0,82.3,0.23,12.0
20,5220,80,0,20,5220,80,10,20,5220,80,30,11.5,94.1,0.44,0.0
20,5220,80,0,20,5220,80,10,20,5220,80,30,10.0,82.3,0.724,22.0
20,5220,80,0,20,5220,80,10,20,5220,80,30,12.9,106.0,1.411,0.0
20,5220,80,0,20,5220,80,10,20,5220,80,30,11.5,94.1,0.872,0.0
20,5220,80,0,20,5220,80,10,20,5220,80,30,12.9,106.0,0.888,0.0
20,5220,80,0,20,5220,80,10,20,5220,80,30,11.5,94.1,0.748,0.0
20,5220,80,0,20,5220,80,10,20,5220,80,30,12.9,106.0,0.832,0.0
20,5220,80,0,20,5220,80,10,20,5220,80,30,11.5,94.1,0.83,0.0
20,5220,80,0,20,5220,80,10,20,5220,80,30,12.9,106.0,0.512,0.0
20,5220,80,0,20,5220,80,10,20,5220,80,30,10.0,82.3,0.432,12.0
20,5220,80,0,20,5220,80,10,20,5220,80,30,12.9,106.0,0.427,0.0
20,5220,80,0,20,5220,80,10,20,5220,80,30,11.5,94.1,0.88,0.0
20,5220,80,0,20,5220,80,10,20,5220,80,30,12.9,106.0,0.697,0.0
20,5220,80,0,20,5220,80,10,20,5220,80,30,11.5,94.1,0.576,0.0
20,5220,80,0,20,5220,80,10,20,5220,80,30,12.9,106.0,0.935,0.0
20,5220,80,0,20,5220,80,10,20,5220,80,30,8.61,70.6,0.777,25.0
20,5220,80,0,20,5220,80,10,20,5220,80,30,12.9,106.0,1.164,0.0
20,5220,80,0,20,5220,80,10,20,5220,80,30,10.0,82.3,1.554,0.0
20,5220,80,0,20,5220,80,10,20,5220,80,30,12.9,106.0,1.964,10.0
20,5220,80,0,20,5220,80,10,20,5220,80,30,5.74,47.0,1.607,43.0
20,5220,80,0,20,5220,80,10,20,5220,80,30,12.9,106.0,1.617,10.0
20,5220,80,0,20,5220,80,10,20,5220,80,30,10.0,82.3,1.536,12.0
20,5220,80,0,20,5220,80,10,20,5220,80,30,12.9,106.0,1.545,0.0
20,5220,80,0,20,5220,80,10,20,5220,80,30,10.0,82.3,1.585,12.0
20,5220,80,0,20,5220,80,10,20,5220,80,30,12.9,106.0,1.228,0.0
20,5220,80,0,20,5220,80,10,20,5220,80,30,11.5,94.1,0.98,0.0
20,5220,80,0,20,5220,80,10,20,5220,80,30,10.0,82.3,0.783,22.0
20,5220,80,0,20,5220,80,10,20,5220,80,30,11.5,94.1,0.553,0.0
20,5220,80,0,20,5220,80,10,20,5220,80,30,8.61,70.6,0.704,33.0
20,5220,80,0,20,5220,80,10,20,5220,80,30,11.5,94.1,0.652,0.0
20,5220,80,0,20,5220,80,10,20,5220,80,30,12.9,106.0,0.931,0.0
20,5220,80,0,20,5220,80,10,20,5220,80,30,10.0,82.3,0.807,12.0
20,5220,80,0,20,5220,80,10,20,5220,80,30,12.9,106.0,0.632,0.0
20,5220,80,0,20,5220,80,10,20,5220,80,30,11.5,94.1,0.815,0.0
20,5220,80,0,20,5220,80,10,20,5220,80,30,12.9,106.0,0.6,0.0
20,5220,80,0,20,5220,80,10,20,5220,80,30,11.5,94.1,0.394,0.0
20,5220,80,0,20,5220,80,10,20,5220,80,30,10.0,82.3,0.494,22.0
20,5220,80,0,20,5220,80,10,20,5220,80,30,11.5,94.1,1.055,0.0
20,5220,80,0,20,5220,80,10,20,5220,80,30,11.5,94.1,0.841,0.0
20,5220,80,0,20,5220,80,10,20,5220,80,30,11.5,94.1,0.643,11.0
20,5220,80,0,20,5220,80,10,20,5220,80,30,12.9,106.0,0.75,0.0
20,5220,80,0,20,5220,80,10,20,5220,80,30,10.0,82.3,0.564,12.0
20,5220,80,0,20,5220,80,10,20,5220,80,30,12.9,106.0,0.472,0.0
20,5220,80,0,20,5220,80,10,20,5220,80,30,11.5,94.1,0.489,0.0
20,5220,80,0,20,5220,80,10,20,5220,80,30,12.9,106.0,0.489,0.0
20,5220,80,0,20,5220,80,10,20,5220,80,30,11.5,94.1,0.419,0.0
20,5220,80,0,20,5220,80,10,20,5220,80,30,11.5,94.1,1.206,11.0
20,5220,80,0,20,5220,80,10,20,5220,80,30,7.18,58.8,0.889,29.0
20,5220,80,0,20,5220,80,10,20,5220,80,30,12.9,106.0,0.92,10.0
20,5220,80,0,20,5220,80,10,20,5220,80,30,11.5,94.1,0.652,0.0
20,5220,80,0,20,5220,80,10,20,5220,80,30,11.5,94.1,0.61,11.0
20,5220,80,0,20,5220,80,10,20,5220,80,30,10.0,82.3,0.603,0.0
20,5220,80,0,20,5220,80,10,20,5220,80,30,12.9,106.0,0.668,10.0
20,5220,80,0,20,5220,80,10,20,5220,80,30,11.5,94.1,0.565,0.0
20,5220,80,0,20,5220,80,10,20,5220,80,30,11.5,94.1,0.865,11.0
20,5220,80,0,20,5220,80,10,20,5220,80,30,10.0,82.3,0.716,12.0
20,5220,80,0,20,5220,80,10,20,5220,80,30,12.9,106.0,0.445,0.0
20,5220,80,0,20,5220,80,10,20,5220,80,30,8.61,70.6,0.528,25.0
20,5220,80,0,20,5220,80,10,20,5220,80,30,11.5,94.1,0.574,11.0
20,5220,80,0,20,5220,80,10,20,5220,80,30,8.61,70.6,0.771,14.0
20,5220,80,0,20,5220,80,10,20,5220,80,30,12.9,106.0,0.901,10.0
20,5220,80,0,20,5220,80,10,20,5220,80,30,11.5,94.1,1.318,0.0
20,5220,80,0,20,5220,80,10,20,5220,80,30,11.5,94.1,1.059,11.0
20,5220,80,0,20,5220,80,10,20,5220,80,30,11.5,94.1,0.822,0.0
20,5220,80,0,20,5220,80,10,20,5220,80,30,12.9,106.0,0.482,0.0
20,5220,80,0,20,5220,80,10,20,5220,80,30,8.61,70.6,0.412,25.0
20,5220,80,0,20,5220,80,10,20,5220,80,30,12.9,106.0,0.525,0.0
20,5220,80,0,20,5220,80,10,20,5220,80,30,11.5,94.1,0.454,0.0
20,5220,80,0,20,5220,80,10,20,5220,80,30,12.9,106.0,0.532,0.0
20,5220,80,0,20,5220,80,10,20,5220,80,30,11.5,94.1,0.454,0.0
20,5220,80,0,20,5220,80,10,20,5220,80,30,12.9,106.0,0.816,0.0
20,5220,80,0,20,5220,80,10,20,5220,80,30,10.0,82.3,0.531,12.0
20,5220,80,0,20,5220,80,10,20,5220,80,30,12.9,106.0,0.651,0.0
20,5220,80,0,20,5220,80,10,20,5220,80,30,11.5,94.1,0.58,0.0
20,5220,80,0,20,5220,80,10,20,5220,80,30,11.5,94.1,0.498,0.0
20,5220,80,0,20,5220,80,10,20,5220,80,30,11.5,94.1,0.595,11.0
20,5220,80,0,20,5220,80,10,20,5220,80,30,12.9,106.0,1.533,0.0
20,5220,80,0,20,5220,80,10,20,5220,80,30,10.0,82.3,1.731,12.0
20,5220,80,0,20,5220,80,10,20,5220,80,30,11.5,94.1,2.998,11.0
20,5220,80,0,20,5220,80,10,20,5220,80,30,10.0,82.3,2.174,12.0
20,5220,80,0,20,5220,80,10,20,5220,80,30,10.0,82.3,2.215,22.0
20,5220,80,0,20,5220,80,10,20,5220,80,30,10.0,82.3,1.612,12.0
20,5220,80,0,20,5220,80,10,20,5220,80,30,12.9,106.0,1.604,0.0
20,5220,80,0,20,5220,80,10,20,5220,80,30,10.0,82.3,1.914,12.0
20,5220,80,0,20,5220,80,10,20,5220,80,30,12.9,106.0,1.662,0.0
20,5220,80,0,20,5220,80,10,20,5220,80,30,8.61,70.6,1.425,25.0
20,5220,80,0,20,5220,80,10,20,5220,80,30,12.9,106.0,0.936,0.0
20,5220,80,0,20,5220,80,10,20,5220,80,30,11.5,94.1,1.044,0.0
20,5220,80,0,20,5220,80,10,20,5220,80,30,12.9,106.0,0.868,0.0
20,5220,80,0,20,5220,80,10,20,5220,80,30,10.0,82.3,0.668,12.0
20,5220,80,0,20,5220,80,10,20,5220,80,30,12.9,106.0,0.632,0.0
20,5220,80,0,20,5220,80,10,20,5220,80,30,11.5,94.1,0.491,11.0
20,5220,80,0,20,5220,80,10,20,5220,80,30,11.5,94.1,0.769,0.0
20,5220,80,0,20,5220,80,10,20,5220,80,30,11.5,94.1,0.597,11.0
20,5220,80,0,20,5220,80,10,20,5220,80,30,11.5,94.1,0.592,0.0
20,5220,80,0,20,5220,80,10,20,5220,80,30,11.5,94.1,0.386,11.0
20,5220,80,0,20,5220,80,10,20,5220,80,30,11.5,94.1,0.537,0.0
20,5220,80,0,20,5220,80,10,20,5220,80,30,12.9,106.0,0.44,0.0
20,5220,80,0,20,5220,80,10,20,5220,80,30,11.5,94.1,0.534,0.0
20,5220,80,0,20,5220,80,10,20,5220,80,30,12.9,106.0,0.506,0.0
20,5220,80,0,20,5220,80,10,20,5220,80,30,11.5,94.1,1.001,0.0
20,5220,80,0,20,5220,80,10,20,5220,80,30,12.9,106.0,0.751,0.0
20,5220,80,0,20,5220,80,10,20,5220,80,30,10.0,82.3,0.626,12.0
20,5220,80,0,20,5220,80,10,20,5220,80,30,12.9,106.0,0.646,0.0
20,5220,80,0,20,5220,80,10,20,5220,80,30,11.5,94.1,0.654,0.0
20,5220,80,0,20,5220,80,10,20,5220,80,30,12.9,106.0,0.558,0.0
20,5220,80,0,20,5220,80,10,20,5220,80,30,11.5,94.1,0.368,0.0
20,5220,80,0,20,5220,80,10,20,5220,80,30,11.5,94.1,0.424,11.0
20,5220,80,0,20,5220,80,10,20,5220,80,30,11.5,94.1,0.363,0.0
20,5220,80,0,20,5220,80,10,20,5220,80,30,12.9,106.0,0.902,0.0
20,5220,80,0,20,5220,80,10,20,5220,80,30,8.61,70.6,1.067,25.0
20,5220,80,0,20,5220,80,10,20,5220,80,30,12.9,106.0,0.888,0.0
20,5220,80,0,20,5220,80,10,20,5220,80,30,11.5,94.1,1.651,0.0
20,5220,80,0,20,5220,80,10,20,5220,80,30,11.5,94.1,1.272,0.0
20,5220,80,0,20,5220,80,10,20,5220,80,30,8.61,70.6,1.685,33.0
20,5220,80,0,20,5220,80,10,20,5220,80,30,11.5,94.1,1.667,11.0
20,5220,80,0,20,5220,80,10,20,5220,80,30,10.0,82.3,1.504,12.0
20,5220,80,0,20,5220,80,10,20,5220,80,30,10.0,82.3,1.692,22.0
20,5220,80,0,20,5220,80,10,20,5220,80,30,10.0,82.3,1.444,12.0
20,5220,80,0,20,5220,80,10,20,5220,80,30,10.0,82.3,1.011,12.0
20,5220,80,0,20,5220,80,10,20,5220,80,30,10.0,82.3,0.682,22.0
20,5220,80,0,20,5220,80,10,20,5220,80,30,10.0,82.3,0.577,22.0
20,5220,80,0,20,5220,80,10,20,5220,80,30,8.61,70.6,0.554,25.0
20,5220,80,0,20,5220,80,10,20,5220,80,30,12.9,106.0,1.304,0.0
20,5220,80,0,20,5220,80,10,20,5220,80,30,11.5,94.1,1.368,0.0
20,5220,80,0,20,5220,80,10,20,5220,80,30,11.5,94.1,1.248,11.0
20,5220,80,0,20,5220,80,10,20,5220,80,30,10.0,82.3,1.698,12.0
20,5220,80,0,20,5220,80,10,20,5220,80,30,11.5,94.1,1.694,11.0
20,5220,80,0,20,5220,80,10,20,5220,80,30,10.0,82.3,1.297,12.0
20,5220,80,0,20,5220,80,10,20,5220,80,30,12.9,106.0,0.908,0.0
20,5220,80,0,20,5220,80,10,20,5220,80,30,11.5,94.1,0.651,0.0
20,5220,80,0,20,5220,80,10,20,5220,80,30,12.9,106.0,0.918,0.0
20,5220,80,0,20,5220,80,10,20,5220,80,30,10.0,82.3,0.781,12.0
20,5220,80,0,20,5220,80,10,20,5220,80,30,10.0,82.3,0.869,22.0
20,5220,80,0,20,5220,80,10,20,5220,80,30,10.0,82.3,1.053,12.0
20,5220,80,0,20,5220,80,10,20,5220,80,30,11.5,94.1,1.483,11.0
20,5220,80,0,20,5220,80,10,20,5220,80,30,10.0,82.3,1.048,12.0
20,5220,80,0,20,5220,80,10,20,5220,80,30,10.0,82.3,0.929,22.0
20,5220,80,0,20,5220,80,10,20,5220,80,30,5.74,47.0,0.767,43.0
20,5220,80,0,20,5220,80,10,20,5220,80,30,12.9,106.0,0.484,10.0
20,5220,80,0,20,5220,80,10,20,5220,80,30,8.61,70.6,0.548,25.0
20,5220,80,0,20,5220,80,10,20,5220,80,30,11.5,94.1,0.744,11.0
20,5220,80,0,20,5220,80,10,20,5220,80,30,10.0,82.3,1.503,12.0
20,5220,80,0,20,5220,80,10,20,5220,80,30,11.5,94.1,1.279,11.0
20,5220,80,0,20,5220,80,10,20,5220,80,30,10.0,82.3,1.211,12.0
20,5220,80,0,20,5220,80,10,20,5220,80,30,10.0,82.3,2.379,12.0
20,5220,80,0,20,5220,80,10,20,5220,80,30,10.0,82.3,1.728,22.0
20,5220,80,0,20,5220,80,10,20,5220,80,30,10.0,82.3,1.279,22.0
20,5220,80,0,20,5220,80,10,20,5220,80,30,10.0,82.3,0.871,12.0
20,5220,80,0,20,5220,80,10,20,5220,80,30,11.5,94.1,0.707,11.0
20,5220,80,0,20,5220,80,10,20,5220,80,30,10.0,82.3,0.509,12.0
20,5220,80,0,20,5220,80,10,20,5220,80,30,11.5,94.1,0.513,11.0
20,5220,80,0,20,5220,80,10,20,5220,80,30,10.0,82.3,0.723,12.0
20,5220,80,0,20,5220,80,10,20,5220,80,30,11.5,94.1,0.692,11.0
20,5220,80,0,20,5220,80,10,20,5220,80,30,10.0,82.3,0.573,12.0
20,5220,80,0,20,5220,80,10,20,5220,80,30,11.5,94.1,0.72,11.0
20,5220,80,0,20,5220,80,10,20,5220,80,30,10.0,82.3,0.531,12.0
20,5220,80,0,20,5220,80,10,20,5220,80,30,11.5,94.1,0.579,11.0
20,5220,80,0,20,5220,80,10,20,5220,80,30,10.0,82.3,0.513,12.0
20,5220,80,0,20,5220,80,10,20,5220,80,30,11.5,94.1,0.479,11.0
20,5220,80,0,20,5220,80,10,20,5220,80,30,10.0,82.3,0.438,12.0
20,5220,80,0,20,5220,80,10,20,5220,80,30,8.61,70.6,0.739,33.0
20,5220,80,0,20,5220,80,10,20,5220,80,30,11.5,94.1,1.091,0.0
20,5220,80,0,20,5220,80,10,20,5220,80,30,11.5,94.1,0.727,11.0
20,5220,80,0,20,5220,80,10,20,5220,80,30,10.0,82.3,0.697,12.0
20,5220,80,0,20,5220,80,10,20,5220,80,30,11.5,94.1,0.769,11.0
20,5220,80,0,20,5220,80,10,20,5220,80,30,10.0,82.3,0.748,12.0
20,5220,80,0,20,5220,80,10,20,5220,80,30,11.5,94.1,0.945,11.0
20,5220,80,0,20,5220,80,10,20,5220,80,30,11.5,94.1,0.667,0.0
20,5220,80,0,20,5220,80,10,20,5220,80,30,12.9,106.0,0.528,0.0
20,5220,80,0,20,5220,80,10,20,5220,80,30,11.5,94.1,1.019,0.0
20,5220,80,0,20,5220,80,10,20,5220,80,30,8.61,70.6,0.771,33.0
20,5220,80,0,20,5220,80,10,20,5220,80,30,10.0,82.3,0.687,12.0
20,5220,80,0,20,5220,80,10,20,5220,80,30,11.5,94.1,0.803,11.0
20,5220,80,0,20,5220,80,10,20,5220,80,30,10.0,82.3,1.003,12.0
20,5220,80,0,20,5220,80,10,20,5220,80,30,12.9,106.0,1.186,0.0
20,5220,80,0,20,5220,80,10,20,5220,80,30,11.5,94.1,0.924,0.0
20,5220,80,0,20,5220,80,10,20,5220,80,30,11.5,94.1,0.858,11.0
20,5220,80,0,20,5220,80,10,20,5220,80,30,11.5,94.1,0.689,0.0
20,5220,80,0,20,5220,80,10,20,5220,80,30,11.5,94.1,0.606,11.0
20,5220,80,0,20,5220,80,10,20,5220,80,30,11.5,94.1,0.614,0.0
20,5220,80,0,20,5220,80,10,20,5220,80,30,12.9,106.0,0.487,0.0
20,5220,80,0,20,5220,80,10,20,5220,80,30,11.5,94.1,0.436,0.0
20,5220,80,0,20,5220,80,10,20,5220,80,30,11.5,94.1,0.412,11.0
20,5220,80,0,20,5220,80,10,20,5220,80,30,10.0,82.3,0.279,12.0
20,5220,80,0,20,5220,80,10,20,5220,80,30,10.0,82.3,0.3,22.0
20,5220,80,0,20,5220,80,10,20,5220,80,30,11.5,94.1,0.433,0.0
20,5220,80,0,20,5220,80,10,20,5220,80,30,11.5,94.1,0.576,11.0
20,5220,80,0,20,5220,80,10,20,5220,80,30,11.5,94.1,0.354,0.0
20,5220,80,0,20,5220,80,10,20,5220,80,30,10.0,82.3,0.365,22.0
20,5220,80,0,20,5220,80,10,20,5220,80,30,11.5,94.1,0.662,0.0
20,5220,80,0,20,5220,80,10,20,5220,80,30,11.5,94.1,0.934,0.0
20,5220,80,0,20,5220,80,10,20,5220,80,30,11.5,94.1,0.811,11.0
20,5220,80,0,20,5220,80,10,20,5220,80,30,11.5,94.1,0.495,0.0
20,5220,80,0,20,5220,80,10,20,5220,80,30,10.0,82.3,0.356,22.0
20,5220,80,0,20,5220,80,10,20,5220,80,30,12.9,106.0,0.442,0.0
20,5220,80,0,20,5220,80,10,20,5220,80,30,11.5,94.1,0.392,0.0
20,5220,80,0,20,5220,80,10,20,5220,80,30,12.9,106.0,0.645,0.0
20,5220,80,0,20,5220,80,10,20,5220,80,30,11.5,94.1,0.671,0.0
20,5220,80,0,20,5220,80,10,20,5220,80,30,12.9,106.0,0.645,0.0
20,5220,80,0,20,5220,80,10,20,5220,80,30,8.61,70.6,0.663,25.0
20,5220,80,0,20,5220,80,10,20,5220,80,30,12.9,106.0,0.585,0.0
20,5220,80,0,20,5220,80,10,20,5220,80,30,10.0,82.3,0.611,12.0
20,5220,80,0,20,5220,80,10,20,5220,80,30,12.9,106.0,0.538,0.0
20,5220,80,0,20,5220,80,10,20,5220,80,30,11.5,94.1,0.516,0.0
20,5220,80,0,20,5220,80,10,20,5220,80,30,12.9,106.0,0.366,0.0
20,5220,80,0,20,5220,80,10,20,5220,80,30,11.5,94.1,0.354,0.0
20,5220,80,0,20,5220,80,10,20,5220,80,30,12.9,106.0,0.351,0.0
20,5220,80,0,20,5220,80,10,20,5220,80,30,10.0,82.3,0.417,0.0
20,5220,80,0,20,5220,80,10,20,5220,80,30,12.9,106.0,0.258,10.0
20,5220,80,0,20,5220,80,10,20,5220,80,30,10.0,82.3,0.178,12.0
20,5220,80,0,20,5220,80,10,20,5220,80,30,12.9,106.0,0.392,0.0
20,5220,80,0,20,5220,80,10,20,5220,80,30,11.5,94.1,0.608,0.0
20,5220,80,0,20,5220,80,10,20,5220,80,30,12.9,106.0,0.536,0.0
20,5220,80,0,20,5220,80,10,20,5220,80,30,11.5,94.1,0.376,0.0
20,5220,80,0,20,5220,80,10,20,5220,80,30,12.9,106.0,0.31,0.0
20,5220,80,0,20,5220,80,10,20,5220,80,30,11.5,94.1,0.341,0.0
20,5220,80,0,20,5220,80,10,20,5220,80,30,12.9,106.0,0.34,0.0
20,5220,80,0,20,5220,80,10,20,5220,80,30,11.5,94.1,0.664,0.0
20,5220,80,0,20,5220,80,10,20,5220,80,30,12.9,106.0,0.487,0.0
20,5220,80,0,20,5220,80,10,20,5220,80,30,7.18,58.8,0.403,38.0
20,5220,80,0,20,5220,80,10,20,5220,80,30,11.5,94.1,0.468,11.0
20,5220,80,0,20,5220,80,10,20,5220,80,30,10.0,82.3,0.317,12.0
20,5220,80,0,20,5220,80,10,20,5220,80,30,7.18,58.8,0.345,44.0
20,5220,80,0,20,5220,80,10,20,5220,80,30,10.0,82.3,0.781,12.0
20,5220,80,0,20,5220,80,10,20,5220,80,30,12.9,106.0,1.862,0.0
20,5220,80,0,20,5220,80,10,20,5220,80,30,10.0,82.3,1.443,12.0
20,5220,80,0,20,5220,80,10,20,5220,80,30,12.9,106.0,1.056,0.0
20,5220,80,0,20,5220,80,10,20,5220,80,30,8.61,70.6,0.892,25.0
20,5220,80,0,20,5220,80,10,20,5220,80,30,12.9,106.0,0.523,0.0
20,5220,80,0,20,5220,80,10,20,5220,80,30,11.5,94.1,0.483,0.0
20,5220,80,0,20,5220,80,10,20,5220,80,30,11.5,94.1,0.739,11.0
20,5220,80,0,20,5220,80,10,20,5220,80,30,11.5,94.1,0.765,0.0
20,5220,80,0,20,5220,80,10,20,5220,80,30,11.5,94.1,0.707,11.0
20,5220,80,0,20,5220,80,10,20,5220,80,30,11.5,94.1,0.638,0.0
20,5220,80,0,20,5220,80,10,20,5220,80,30,10.0,82.3,0.581,12.0
20,5220,80,0,20,5220,80,10,20,5220,80,30,8.61,70.6,0.613,33.0
20,5220,80,0,20,5220,80,10,20,5220,80,30,12.9,106.0,0.681,0.0
20,5220,80,0,20,5220,80,10,20,5220,80,30,12.9,106.0,0.625,0.0
20,5220,80,0,20,5220,80,10,20,5220,80,30,11.5,94.1,0.533,0.0
20,5220,80,0,20,5220,80,10,20,5220,80,30,11.5,94.1,0.337,11.0
20,5220,80,0,20,5220,80,10,20,5220,80,30,11.5,94.1,0.275,0.0
20,5220,80,0,20,5220,80,10,20,5220,80,30,12.9,106.0,0.405,0.0
20,5220,80,0,20,5220,80,10,20,5220,80,30,11.5,94.1,0.522,0.0
20,5220,80,0,20,5220,80,10,20,5220,80,30,12.9,106.0,0.475,0.0
20,5220,80,0,20,5220,80,10,20,5220,80,30,11.5,94.1,0.458,0.0
20,5220,80,0,20,5220,80,10,20,5220,80,30,11.5,94.1,0.456,11.0
20,5220,80,0,20,5220,80,10,20,5220,80,30,11.5,94.1,0.502,0.0
20,5220,80,0,20,5220,80,10,20,5220,80,30,12.9,106.0,0.905,0.0
20,5220,80,0,20,5220,80,10,20,5220,80,30,10.0,82.3,0.626,12.0
20,5220,80,0,20,5220,80,10,20,5220,80,30,11.5,94.1,0.629,11.0
20,5220,80,0,20,5220,80,10,20,5220,80,30,11.5,94.1,0.957,0.0
20,5220,80,0,20,5220,80,10,20,5220,80,30,12.9,106.0,0.734,0.0
20,5220,80,0,20,5220,80,10,20,5220,80,30,11.5,94.1,0.691,0.0
20,5220,80,0,20,5220,80,10,20,5220,80,30,12.9,106.0,0.539,0.0
20,5220,80,0,20,5220,80,10,20,5220,80,30,11.5,94.1,0.653,0.0
20,5220,80,0,20,5220,80,10,20,5220,80,30,12.9,106.0,0.88,0.0
20,5220,80,0,20,5220,80,10,20,5220,80,30,11.5,94.1,0.723,0.0
20,5220,80,0,20,5220,80,10,20,5220,80,30,12.9,106.0,1.027,0.0
20,5220,80,0,20,5220,80,10,20,5220,80,30,10.0,82.3,1.153,12.0
20,5220,80,0,20,5220,80,10,20,5220,80,30,11.5,94.1,0.891,11.0
20,5220,80,0,20,5220,80,10,20,5220,80,30,11.5,94.1,0.593,0.0
20,5220,80,0,20,5220,80,10,20,5220,80,30,10.0,82.3,0.55,12.0
20,5220,80,0,20,5220,80,10,20,5220,80,30,10.0,82.3,0.563,22.0
20,5220,80,0,20,5220,80,10,20,5220,80,30,11.5,94.1,0.653,11.0
20,5220,80,0,20,5220,80,10,20,5220,80,30,10.0,82.3,0.499,12.0
20,5220,80,0,20,5220,80,10,20,5220,80,30,12.9,106.0,1.111,0.0
20,5220,80,0,20,5220,80,10,20,5220,80,30,10.0,82.3,0.905,12.0
20,5220,80,0,20,5220,80,10,20,5220,80,30,12.9,106.0,0.869,0.0
20,5220,80,0,20,5220,80,10,20,5220,80,30,11.5,94.1,0.679,0.0
20,5220,80,0,20,5220,80,10,20,5220,80,30,11.5,94.1,0.661,11.0
20,5220,80,0,20,5220,80,10,20,5220,80,30,8.61,70.6,0.915,25.0
20,5220,80,0,20,5220,80,10,20,5220,80,30,12.9,106.0,1.266,0.0
20,5220,80,0,20,5220,80,10,20,5220,80,30,10.0,82.3,1.058,12.0
20,5220,80,0,20,5220,80,10,20,5220,80,30,10.0,82.3,0.747,22.0
20,5220,80,0,20,5220,80,10,20,5220,80,30,10.0,82.3,0.725,12.0
20,5220,80,0,20,5220,80,10,20,5220,80,30,7.18,58.8,0.655,44.0
20,5220,80,0,20,5220,80,10,20,5220,80,30,7.18,58.8,0.883,17.0
20,5220,80,0,20,5220,80,10,20,5220,80,30,7.18,58.8,0.806,50.0
20,5220,80,0,20,5220,80,10,20,5220,80,30,10.0,82.3,0.796,22.0
20,5220,80,0,20,5220,80,10,20,5220,80,30,10.0,82.3,0.719,22.0
20,5220,80,0,20,5220,80,10,20,5220,80,30,5.74,47.0,0.673,33.0
20,5220,80,0,20,5220,80,10,20,5220,80,30,5.74,47.0,0.686,64.0
20,5220,80,0,20,5220,80,10,20,5220,80,30,7.18,58.8,1.299,29.0
20,5220,80,0,20,5220,80,10,20,5220,80,30,4.31,35.3,1.743,70.0
20,5220,80,0,20,5220,80,10,20,5220,80,30,5.74,47.0,3.277,43.0
20,5220,80,0,20,5220,80,10,20,5220,80,30,5.74,47.0,3.321,60.0
20,5220,80,0,20,5220,80,10,20,5220,80,30,7.18,58.8,2.635,38.0
20,5220,80,0,20,5220,80,10,20,5220,80,30,8.61,70.6,2.21,33.0
20,5220,80,0,20,5220,80,10,20,5220,80,30,11.5,94.1,1.757,0.0
20,5220,80,0,20,5220,80,10,20,5220,80,30,12.9,106.0,2.058,0.0
20,5220,80,0,20,5220,80,10,20,5220,80,30,10.0,82.3,1.541,12.0
20,5220,80,0,20,5220,80,10,20,5220,80,30,12.9,106.0,0.996,0.0
20,5220,80,0,20,5220,80,10,20,5220,80,30,11.5,94.1,0.739,0.0
20,5220,80,0,20,5220,80,10,20,5220,80,30,11.5,94.1,0.805,11.0
20,5220,80,0,20,5220,80,10,20,5220,80,30,7.18,58.8,0.786,29.0
20,5220,80,0,20,5220,80,10,20,5220,80,30,8.61,70.6,0.701,40.0
20,5220,80,0,20,5220,80,10,20,5220,80,30,5.74,47.0,0.886,50.0
20,5220,80,0,20,5220,80,10,20,5220,80,30,8.61,70.6,0.829,33.0
20,5220,80,0,20,5220,80,10,20,5220,80,30,8.61,70.6,0.856,25.0
20,5220,80,0,20,5220,80,10,20,5220,80,30,11.5,94.1,0.662,11.0
20,5220,80,0,20,5220,80,10,20,5220,80,30,11.5,94.1,0.553,0.0
20,5220,80,0,20,5220,80,10,20,5220,80,30,12.9,106.0,0.334,0.0
20,5220,80,0,20,5220,80,10,20,5220,80,30,11.5,94.1,0.276,0.0
20,5220,80,0,20,5220,80,10,20,5220,80,30,8.61,70.6,0.291,25.0
20,5220,80,0,20,5220,80,10,20,5220,80,30,11.5,94.1,0.449,11.0
20,5220,80,0,20,5220,80,10,20,5220,80,30,11.5,94.1,0.455,11.0
20,5220,80,0,20,5220,80,10,20,5220,80,30,11.5,94.1,0.603,0.0
20,5220,80,0,20,5220,80,10,20,5220,80,30,11.5,94.1,0.525,11.0
20,5220,80,0,20,5220,80,10,20,5220,80,30,11.5,94.1,0.888,0.0
20,5220,80,0,20,5220,80,10,20,5220,80,30,12.9,106.0,0.916,0.0
20,5220,80,0,20,5220,80,10,20,5220,80,30,11.5,94.1,0.84,0.0
20,5220,80,0,20,5220,80,10,20,5220,80,30,12.9,106.0,0.494,0.0
20,5220,80,0,20,5220,80,10,20,5220,80,30,11.5,94.1,0.618,0.0
20,5220,80,0,20,5220,80,10,20,5220,80,30,12.9,106.0,0.707,0.0
20,5220,80,0,20,5220,80,10,20,5220,80,30,11.5,94.1,0.728,0.0
20,5220,80,0,20,5220,80,10,20,5220,80,30,12.9,106.0,0.665,0.0
20,5220,80,0,20,5220,80,10,20,5220,80,30,11.5,94.1,0.975,0.0
20,5220,80,0,20,5220,80,10,20,5220,80,30,11.5,94.1,1.195,11.0
20,5220,80,0,20,5220,80,10,20,5220,80,30,11.5,94.1,1.939,0.0
20,5220,80,0,20,5220,80,10,20,5220,80,30,12.9,106.0,1.187,0.0
20,5220,80,0,20,5220,80,10,20,5220,80,30,11.5,94.1,0.911,0.0
20,5220,80,0,20,5220,80,10,20,5220,80,30,10.0,82.3,0.696,22.0
20,5220,80,0,20,5220,80,10,20,5220,80,30,10.0,82.3,0.734,12.0
20,5220,80,0,20,5220,80,10,20,5220,80,30,12.9,106.0,1.133,0.0
20,5220,80,0,20,5220,80,10,20,5220,80,30,11.5,94.1,0.754,0.0
20,5220,80,0,20,5220,80,10,20,5220,80,30,11.5,94.1,0.746,11.0
20,5220,80,0,20,5220,80,10,20,5220,80,30,10.0,82.3,1.552,12.0
20,5220,80,0,20,5220,80,10,20,5220,80,30,11.5,94.1,1.88,11.0
20,5220,80,0,20,5220,80,10,20,5220,80,30,11.5,94.1,1.819,0.0
20,5220,80,0,20,5220,80,10,20,5220,80,30,12.9,106.0,1.592,0.0
20,5220,80,0,20,5220,80,10,20,5220,80,30,11.5,94.1,1.229,0.0
20,5220,80,0,20,5220,80,10,20,5220,80,30,10.0,82.3,1.009,12.0
20,5220,80,0,20,5220,80,10,20,5220,80,30,11.5,94.1,0.654,11.0
20,5220,80,0,20,5220,80,10,20,5220,80,30,12.9,106.0,0.889,0.0
20,5220,80,0,20,5220,80,10,20,5220,80,30,11.5,94.1,0.819,0.0
20,5220,80,0,20,5220,80,10,20,5220,80,30,11.5,94.1,1.143,0.0
20,5220,80,0,20,5220,80,10,20,5220,80,30,11.5,94.1,1.707,11.0
20,5220,80,0,20,5220,80,10,20,5220,80,30,11.5,94.1,1.244,11.0
20,5220,80,0,20,5220,80,10,20,5220,80,30,8.61,70.6,0.923,25.0
20,5220,80,0,20,5220,80,10,20,5220,80,30,10.0,82.3,1.004,22.0
20,5220,80,0,20,5220,80,10,20,5220,80,30,11.5,94.1,1.545,0.0
20,5220,80,0,20,5220,80,10,20,5220,80,30,12.9,106.0,1.189,0.0
20,5220,80,0,20,5220,80,10,20,5220,80,30,10.0,82.3,1.088,12.0
20,5220,80,0,20,5220,80,10,20,5220,80,30,11.5,94.1,1.132,11.0
20,5220,80,0,20,5220,80,10,20,5220,80,30,10.0,82.3,1.76,12.0
20,5220,80,0,20,5220,80,10,20,5220,80,30,12.9,106.0,1.471,0.0
20,5220,80,0,20,5220,80,10,20,5220,80,30,11.5,94.1,1.179,0.0
20,5220,80,0,20,5220,80,10,20,5220,80,30,12.9,106.0,0.994,0.0
20,5220,80,0,20,5220,80,10,20,5220,80,30,11.5,94.1,0.843,0.0
20,5220,80,0,20,5220,80,10,20,5220,80,30,11.5,94.1,0.771,11.0
20,5220,80,0,20,5220,80,10,20,5220,80,30,10.0,82.3,0.741,12.0
20,5220,80,0,20,5220,80,10,20,5220,80,30,12.9,106.0,1.075,0.0
20,5220,80,0,20,5220,80,10,20,5220,80,30,11.5,94.1,0.8,0.0
20,5220,80,0,20,5220,80,10,20,5220,80,30,12.9,106.0,1.422,0.0
20,5220,80,0,20,5220,80,10,20,5220,80,30,11.5,94.1,1.289,0.0
20,5220,80,0,20,5220,80,10,20,5220,80,30,12.9,106.0,0.985,0.0
20,5220,80,0,20,5220,80,10,20,5220,80,30,11.5,94.1,1.072,0.0
20,5220,80,0,20,5220,80,10,20,5220,80,30,12.9,106.0,0.833,0.0
20,5220,80,0,20,5220,80,10,20,5220,80,30,10.0,82.3,0.757,0.0
20,5220,80,0,20,5220,80,10,20,5220,80,30,10.0,82.3,0.744,22.0
20,5220,80,0,20,5220,80,10,20,5220,80,30,10.0,82.3,1.144,22.0
20,5220,80,0,20,5220,80,10,20,5220,80,30,12.9,106.0,0.824,0.0
20,5220,80,0,20,5220,80,10,20,5220,80,30,10.0,82.3,0.718,12.0
20,5220,80,0,20,5220,80,10,20,5220,80,30,12.9,106.0,0.587,0.0
20,5220,80,0,20,5220,80,10,20,5220,80,30,11.5,94.1,0.885,0.0
20,5220,80,0,20,5220,80,10,20,5220,80,30,11.5,94.1,0.789,11.0
20,5220,80,0,20,5220,80,10,20,5220,80,30,11.5,94.1,0.949,0.0
20,5220,80,0,20,5220,80,10,20,5220,80,30,12.9,106.0,0.851,0.0
20,5220,80,0,20,5220,80,10,20,5220,80,30,11.5,94.1,0.609,0.0
20,5220,80,0,20,5220,80,10,20,5220,80,30,11.5,94.1,0.388,11.0
20,5220,80,0,20,5220,80,10,20,5220,80,30,11.5,94.1,0.237,0.0
20,5220,80,0,20,5220,80,10,20,5220,80,30,12.9,106.0,0.333,0.0
20,5220,80,0,20,5220,80,10,20,5220,80,30,10.0,82.3,0.591,12.0
20,5220,80,0,20,5220,80,10,20,5220,80,30,11.5,94.1,0.59,11.0
20,5220,80,0,20,5220,80,10,20,5220,80,30,11.5,94.1,0.491,0.0
20,5220,80,0,20,5220,80,10,20,5220,80,30,12.9,106.0,0.454,0.0
20,5220,80,0,20,5220,80,10,20,5220,80,30,11.5,94.1,0.36,0.0
20,5220,80,0,20,5220,80,10,20,5220,80,30,11.5,94.1,0.428,11.0
20,5220,80,0,20,5220,80,10,20,5220,80,30,11.5,94.1,0.302,0.0
20,5220,80,0,20,5220,80,10,20,5220,80,30,11.5,94.1,0.641,11.0
20,5220,80,0,20,5220,80,10,20,5220,80,30,11.5,94.1,0.544,0.0
20,5220,80,0,20,5220,80,10,20,5220,80,30,12.9,106.0,0.731,0.0
20,5220,80,0,20,5220,80,10,20,5220,80,30,12.9,106.0,0.852,0.0
20,5220,80,0,20,5220,80,10,20,5220,80,30,10.0,82.3,0.672,12.0
20,5220,80,0,20,5220,80,10,20,5220,80,30,12.9,106.0,0.439,0.0
20,5220,80,0,20,5220,80,10,20,5220,80,30,11.5,94.1,0.488,0.0
20,5220,80,0,20,5220,80,10,20,5220,80,30,12.9,106.0,0.487,0.0
20,5220,80,0,20,5220,80,10,20,5220,80,30,11.5,94.1,0.441,0.0
20,5220,80,0,20,5220,80,10,20,5220,80,30,12.9,106.0,0.818,0.0
20,5220,80,0,20,5220,80,10,20,5220,80,30,11.5,94.1,0.589,0.0
20,5220,80,0,20,5220,80,10,20,5220,80,30,12.9,106.0,0.573,0.0
20,5220,80,0,20,5220,80,10,20,5220,80,30,11.5,94.1,0.674,0.0
20,5220,80,0,20,5220,80,10,20,5220,80,30,11.5,94.1,0.842,11.0
20,5220,80,0,20,5220,80,10,20,5220,80,30,10.0,82.3,0.919,12.0
20,5220,80,0,20,5220,80,10,20,5220,80,30,12.9,106.0,1.083,0.0
20,5220,80,0,20,5220,80,10,20,5220,80,30,11.5,94.1,1.154,0.0
20,5220,80,0,20,5220,80,10,20,5220,80,30,11.5,94.1,1.668,0.0
20,5220,80,0,20,5220,80,10,20,5220,80,30,12.9,106.0,2.168,0.0
20,5220,80,0,20,5220,80,10,20,5220,80,30,12.9,106.0,1.576,0.0
20,5220,80,0,20,5220,80,10,20,5220,80,30,11.5,94.1,1.152,0.0
20,5220,80,0,20,5220,80,10,20,5220,80,30,12.9,106.0,0.876,0.0
20,5220,80,0,20,5220,80,10,20,5220,80,30,11.5,94.1,0.726,0.0
20,5220,80,0,20,5220,80,10,20,5220,80,30,11.5,94.1,0.609,11.0
20,5220,80,0,20,5220,80,10,20,5220,80,30,7.18,58.8,0.555,38.0
20,5220,80,0,20,5220,80,10,20,5220,80,30,11.5,94.1,1.048,11.0
20,5220,80,0,20,5220,80,10,20,5220,80,30,11.5,94.1,0.81,0.0
20,5220,80,0,20,5220,80,10,20,5220,80,30,12.9,106.0,0.651,0.0
20,5220,80,0,20,5220,80,10,20,5220,80,30,10.0,82.3,1.623,12.0
20,5220,80,0,20,5220,80,10,20,5220,80,30,11.5,94.1,1.277,11.0
20,5220,80,0,20,5220,80,10,20,5220,80,30,11.5,94.1,0.866,0.0
20,5220,80,0,20,5220,80,10,20,5220,80,30,12.9,106.0,1.239,0.0
20,5220,80,0,20,5220,80,10,20,5220,80,30,11.5,94.1,1.3,0.0
20,5220,80,0,20,5220,80,10,20,5220,80,30,10.0,82.3,0.941,22.0
20,5220,80,0,20,5220,80,10,20,5220,80,30,10.0,82.3,0.79,12.0
20,5220,80,0,20,5220,80,10,20,5220,80,30,12.9,106.0,1.026,0.0
20,5220,80,0,20,5220,80,10,20,5220,80,30,11.5,94.1,1.113,0.0
20,5220,80,0,20,5220,80,10,20,5220,80,30,12.9,106.0,0.875,0.0
20,5220,80,0,20,5220,80,10,20,5220,80,30,11.5,94.1,2.091,0.0
20,5220,80,0,20,5220,80,10,20,5220,80,30,12.9,106.0,1.916,0.0
20,5220,80,0,20,5220,80,10,20,5220,80,30,10.0,82.3,1.523,12.0
20,5220,80,0,20,5220,80,10,20,5220,80,30,11.5,94.1,1.079,11.0
20,5220,80,0,20,5220,80,10,20,5220,80,30,11.5,94.1,0.807,0.0
20,5220,80,0,20,5220,80,10,20,5220,80,30,12.9,106.0,0.737,0.0
20,5220,80,0,20,5220,80,10,20,5220,80,30,10.0,82.3,0.606,12.0
20,5220,80,0,20,5220,80,10,20,5220,80,30,12.9,106.0,0.651,0.0
20,5220,80,0,20,5220,80,10,20,5220,80,30,11.5,94.1,0.737,0.0
20,5220,80,0,20,5220,80,10,20,5220,80,30,12.9,106.0,0.694,0.0
20,5220,80,0,20,5220,80,10,20,5220,80,30,11.5,94.1,0.605,0.0
20,5220,80,0,20,5220,80,10,20,5220,80,30,12.9,106.0,0.664,0.0
20,5220,80,0,20,5220,80,10,20,5220,80,30,11.5,94.1,0.589,0.0
20,5220,80,0,20,5220,80,10,20,5220,80,30,12.9,106.0,0.335,0.0
20,5220,80,0,20,5220,80,10,20,5220,80,30,10.0,82.3,0.3,12.0
20,5220,80,0,20,5220,80,10,20,5220,80,30,12.9,106.0,0.434,0.0
20,5220,80,0,20,5220,80,10,20,5220,80,30,11.5,94.1,0.519,0.0
20,5220,80,0,20,5220,80,10,20,5220,80,30,12.9,106.0,0.536,0.0
20,5220,80,0,20,5220,80,10,20,5220,80,30,10.0,82.3,0.703,12.0
20,5220,80,0,20,5220,80,10,20,5220,80,30,11.5,94.1,0.71,11.0
20,5220,80,0,20,5220,80,10,20,5220,80,30,11.5,94.1,0.861,0.0
20,5220,80,0,20,5220,80,10,20,5220,80,30,12.9,106.0,0.861,0.0
20,5220,80,0,20,5220,80,10,20,5220,80,30,11.5,94.1,0.784,0.0
20,5220,80,0,20,5220,80,10,20,5220,80,30,12.9,106.0,0.655,0.0
20,5220,80,0,20,5220,80,10,20,5220,80,30,11.5,94.1,0.627,0.0
20,5220,80,0,20,5220,80,10,20,5220,80,30,11.5,94.1,0.541,11.0
20,5220,80,0,20,5220,80,10,20,5220,80,30,8.61,70.6,0.763,25.0
20,5220,80,0,20,5220,80,10,20,5220,80,30,10.0,82.3,1.245,22.0
20,5220,80,0,20,5220,80,10,20,5220,80,30,11.5,94.1,0.804,0.0
20,5220,80,0,20,5220,80,10,20,5220,80,30,11.5,94.1,0.721,11.0
20,5220,80,0,20,5220,80,10,20,5220,80,30,10.0,82.3,0.677,12.0
20,5220,80,0,20,5220,80,10,20,5220,80,30,10.0,82.3,0.485,22.0
20,5220,80,0,20,5220,80,10,20,5220,80,30,11.5,94.1,0.46,0.0
20,5220,80,0,20,5220,80,10,20,5220,80,30,12.9,106.0,0.273,0.0
20,5220,80,0,20,5220,80,10,20,5220,80,30,8.61,70.6,0.315,25.0
20,5220,80,0,20,5220,80,10,20,5220,80,30,12.9,106.0,0.445,0.0
20,5220,80,0,20,5220,80,10,20,5220,80,30,11.5,94.1,0.718,0.0
20,5220,80,0,20,5220,80,10,20,5220,80,30,12.9,106.0,0.605,0.0
20,5220,80,0,20,5220,80,10,20,5220,80,30,11.5,94.1,0.597,0.0
20,5220,80,0,20,5220,80,10,20,5220,80,30,12.9,106.0,0.627,0.0
20,5220,80,0,20,5220,80,10,20,5220,80,30,11.5,94.1,1.723,0.0
20,5220,80,0,20,5220,80,10,20,5220,80,30,11.5,94.1,1.236,11.0
20,5220,80,0,20,5220,80,10,20,5220,80,30,10.0,82.3,1.18,12.0
20,5220,80,0,20,5220,80,10,20,5220,80,30,12.9,106.0,1.055,0.0
20,5220,80,0,20,5220,80,10,20,5220,80,30,11.5,94.1,0.991,0.0
20,5220,80,0,20,5220,80,10,20,5220,80,30,12.9,106.0,0.889,0.0
20,5220,80,0,20,5220,80,10,20,5220,80,30,11.5,94.1,0.839,0.0
20,5220,80,0,20,5220,80,10,20,5220,80,30,12.9,106.0,0.711,0.0
20,5220,80,0,20,5220,80,10,20,5220,80,30,11.5,94.1,0.581,0.0
20,5220,80,0,20,5220,80,10,20,5220,80,30,12.9,106.0,0.563,0.0
20,5220,80,0,20,5220,80,10,20,5220,80,30,11.5,94.1,0.408,0.0
20,5220,80,0,20,5220,80,10,20,5220,80,30,12.9,106.0,0.9,0.0
20,5220,80,0,20,5220,80,10,20,5220,80,30,10.0,82.3,0.928,12.0
20,5220,80,0,20,5220,80,10,20,5220,80,30,12.9,106.0,1.117,0.0
20,5220,80,0,20,5220,80,10,20,5220,80,30,11.5,94.1,0.896,0.0
20,5220,80,0,20,5220,80,10,20,5220,80,30,12.9,106.0,0.573,0.0
20,5220,80,0,20,5220,80,10,20,5220,80,30,10.0,82.3,0.493,12.0
20,5220,80,0,20,5220,80,10,20,5220,80,30,12.9,106.0,0.668,0.0
20,5220,80,0,20,5220,80,10,20,5220,80,30,11.5,94.1,1.208,0.0
20,5220,80,0,20,5220,80,10,20,5220,80,30,12.9,106.0,0.964,0.0
20,5220,80,0,20,5220,80,10,20,5220,80,30,8.61,70.6,1.861,25.0
20,5220,80,0,20,5220,80,10,20,5220,80,30,12.9,106.0,1.472,0.0
20,5220,80,0,20,5220,80,10,20,5220,80,30,11.5,94.1,1.422,0.0
20,5220,80,0,20,5220,80,10,20,5220,80,30,11.5,94.1,1.136,11.0
20,5220,80,0,20,5220,80,10,20,5220,80,30,11.5,94.1,0.761,0.0
20,5220,80,0,20,5220,80,10,20,5220,80,30,11.5,94.1,0.466,11.0
20,5220,80,0,20,5220,80,10,20,5220,80,30,10.0,82.3,0.459,12.0
20,5220,80,0,20,5220,80,10,20,5220,80,30,11.5,94.1,0.53,11.0
20,5220,80,0,20,5220,80,10,20,5220,80,30,11.5,94.1,0.435,0.0
20,5220,80,0,20,5220,80,10,20,5220,80,30,11.5,94.1,0.536,11.0
20,5220,80,0,20,5220,80,10,20,5220,80,30,10.0,82.3,0.509,12.0
20,5220,80,0,20,5220,80,10,20,5220,80,30,12.9,106.0,0.505,0.0
20,5220,80,0,20,5220,80,10,20,5220,80,30,11.5,94.1,0.65,0.0
20,5220,80,0,20,5220,80,10,20,5220,80,30,12.9,106.0,0.537,0.0
20,5220,80,0,20,5220,80,10,20,5220,80,30,11.5,94.1,0.902,0.0
20,5220,80,0,20,5220,80,10,20,5220,80,30,12.9,106.0,0.613,0.0
20,5220,80,0,20,5220,80,10,20,5220,80,30,11.5,94.1,0.638,0.0
20,5220,80,0,20,5220,80,10,20,5220,80,30,12.9,106.0,0.858,0.0
20,5220,80,0,20,5220,80,10,20,5220,80,30,11.5,94.1,0.745,0.0
20,5220,80,0,20,5220,80,10,20,5220,80,30,12.9,106.0,0.997,0.0
20,5220,80,0,20,5220,80,10,20,5220,80,30,11.5,94.1,0.851,0.0
20,5220,80,0,20,5220,80,10,20,5220,80,30,12.9,106.0,0.849,0.0
20,5220,80,0,20,5220,80,10,20,5220,80,30,11.5,94.1,0.697,0.0
20,5220,80,0,20,5220,80,10,20,5220,80,30,12.9,106.0,0.495,0.0
20,5220,80,0,20,5220,80,10,20,5220,80,30,11.5,94.1,1.488,0.0
20,5220,80,0,20,5220,80,10,20,5220,80,30,11.5,94.1,0.963,11.0
20,5220,80,0,20,5220,80,10,20,5220,80,30,11.5,94.1,0.954,0.0
20,5220,80,0,20,5220,80,10,20,5220,80,30,12.9,106.0,1.001,0.0
20,5220,80,0,20,5220,80,10,20,5220,80,30,11.5,94.1,0.696,0.0
20,5220,80,0,20,5220,80,10,20,5220,80,30,11.5,94.1,0.712,11.0
20,5220,80,0,20,5220,80,10,20,5220,80,30,11.5,94.1,0.603,0.0
20,5220,80,0,20,5220,80,10,20,5220,80,30,11.5,94.1,0.644,11.0
20,5220,80,0,20,5220,80,10,20,5220,80,30,11.5,94.1,1.046,0.0
20,5220,80,0,20,5220,80,10,20,5220,80,30,11.5,94.1,1.023,11.0
20,5220,80,0,20,5220,80,10,20,5220,80,30,10.0,82.3,0.835,12.0
20,5220,80,0,20,5220,80,10,20,5220,80,30,12.9,106.0,0.663,0.0
20,5220,80,0,20,5220,80,10,20,5220,80,30,11.5,94.1,0.682,0.0
20,5220,80,0,20,5220,80,10,20,5220,80,30,11.5,94.1,0.479,11.0

